,count
DoremusJessup,1592
misana123,1144
DaFunkJunkie,1144
maxwellhill,889
Saltedline,834
newnemo,778
Picture-unrelated,728
hildebrand_rarity,661
PoliticsModeratorBot,648
theindependentonline,645
AudibleNod,610
brainybeauteen,594
nosotros_road_sodium,575
aslan_is_on_the_move,543
morenewsat11,532
mepper,517
Lakerlion,513
Beckles28nz,489
ohnoh18,432
BelleAriel,431
jigsawmap,385
VanGoghEnjoyer,384
thenewrepublic,353
green_flash,342
Twoweekswithpay,336
FortySixAndYou,324
No_Dependent_5066,319
Gambit08,318
themanbriggs,317
Surferino,313
HRJafael,311
PandaMuffin1,306
HarakenQQ,306
TypicalEpistemophile,305
ManiaforBeatles,304
WorldNewsMods,297
supppbrahhh,291
CaliWilly76,288
Strategic_Prussian,287
Huplescat22,280
gotostep2,272
Arpith2019,272
AmethystOrator,268
omega3111,268
OregonTripleBeam,266
progress18,266
SpeakUpOnClimate,262
Austin63867,261
grepnork,256
StumpVanDerHuge,253
Freexscsa,249
e-r_bridge,247
CapitalCourse,244
CognitiveFunction34,243
koavf,240
theladynora,240
Fr1sk3r,238
hieronymusanonymous,235
hoosakiwi,233
southpawFA,230
BlankVerse,228
RagingEnglishaholic,227
Balls_of_Adamanthium,221
Crockpot66,220
SoundsLikeFraud,218
BollocksAsBalls,216
Sanlear,215
UGMadness,215
MuskofElon,214
MonarchistParty,211
CQU617,208
alabasterheart,208
silasgreenfront,206
Gullible_Peach,204
coolbern,198
Hrekires,197
BIG-BAD-BEETLEBORG,188
Smithy2232,186
Paraphernalien69,186
hunter15991,183
Thetimmybaby,183
BilBrowning,183
Morihando,180
malcolm58,180
Helicase21,178
Plymouth03,176
WorldandSportsNews,171
Adorable-Ganache6561,171
Free_Swimming,170
Pilast,166
solsangraal,166
ExactlySorta,166
jms1225,165
CommonSenseSavior,164
SunOverSnowPlease,163
Zhana-Aul,161
BumblesAZ,160
very_excited,160
zsreport,159
charmbrood,157
PoliticiansAlwaysLie,156
yodi_yodi,153
mixplate,152
ILikeTutrtrles69,150
Paneraiguy1,150
deraser,149
rebelliousmuse,149
Oleg101,148
slaysia,148
Streona,146
madrid987,145
ladyem8,144
AceCombat9519,143
WarWolf343,142
marketrent,142
throwaway5272,141
Opening_Knowledge868,141
DavidMalony,141
itsbuzzpoint,139
PichuLovy,139
PerfectConfection578,139
drkgodess,138
InflationOk300,138
M00n,137
greatdevonhope,137
michkennedy,136
scot816,134
dingo8yobb,133
CrassostreaVirginica,133
Routine_Chapter_9099,132
Lionel54321,131
osrsog,131
Hrmbee,130
Rock-n-roll-Kevin,129
Cartographerspeed,129
stem12345679,129
Phatbrew,129
chrisdh79,128
cobicoo,128
roku44,128
Vendoban,128
that1_apple,128
ChiGuy6124,128
berael,127
castella-1557,126
_613_,126
Wachkuss,125
PayLevels,122
SpicySeraph,122
KimCureAll,119
anapisinthecards,119
Disaster_65,119
HydrolicKrane,118
prohb,118
Currymvp2,118
Hoosier_Jedi,117
waldonalves,116
2tidderevoli,115
harrytanoe,115
xTCHx,114
Illustrious_Welder94,114
Narvi_-,114
Knightoflemons,114
NamelessIguana,113
geoxol,113
Gopu_17,113
Sumit316,112
TJ_SP,112
Fun_Specialist_1776,112
bluestblue,112
semaphore-1842,110
Talink_The_First,110
Ice_Burn,110
nutritionvegan,109
pipsdontsqueak,109
jgeorge20,109
lucynyu13,109
Pure_Candidate_3831,108
Infidel8,108
newzee1,108
AcceptableGovernment,108
Quirkie,108
hzj5790,107
ForkzUp,107
Affectionate_Run_799,106
infinitum3d,106
benh999,106
PoorIsTheNewSwag,106
Quantum_II,105
do_you_even_ship_bro,105
TheGuvnor247,105
MortWellian,105
LudovicoSpecs,104
domi_uname_is_taken,104
HelpMeWithMyHWpls,104
Wamnation,103
DragonWriterDB,103
ReallyJustTheFacts,103
BigfootDynamite,103
vexpopped,102
paulfromatlanta,100
Pineapple__Jews,100
lAStbaby6534,100
linguist96,100
Pomp_N_Circumstance,98
burning_dawn,98
myztero,97
Johnny_W94,97
viva_la_vinyl,96
TheWeekMag,96
samplestiltskin_,96
madazzahatter,96
Marciu73,96
alicen_chains,96
thisisjas9n,96
Novax___Djocovid,96
a_very_nice_username,95
SovietSunrise,95
Luka77GOATic,95
randalflagg,94
rubidata,94
38384,94
washingtonpost,94
Core2score,93
Xul-luX,93
codati2000,92
besselfunctions,91
citytiger,90
kaioone,90
No_Zookeepergame_27,89
swingadmin,89
bildo72,89
Superbuddhapunk,88
giuliomagnifico,88
thenationmagazine,88
404user,88
61-127-217-469-817,88
hopopo,87
Hoihe,87
CrimsonLancet,87
Baarney23,87
Particular-Ad3838,87
mar_kelp,87
discocrisco,86
OkRoll3915,86
douglasmacarthur,85
science_is_Iife,85
Frocharocha,85
Johannes_P,85
greenblue98,85
hugglenugget,84
ani625,84
Qu1nlan,84
BurstYourBubbles,84
BezugssystemCH1903,83
PhilDesenex,83
AP24inMumbai,83
SunCloud-777,83
alertnoalert,83
randy88moss,83
ONE-OF-THREE,83
Primary-World-1015,83
cyclinginvancouver,82
mintaphil,82
DonnieMostDefinitely,82
54321lkjhg,82
hassanprinter836,82
Upset-Pumpkin,82
Handicapreader,82
nephronum,82
quitofilms,81
DonaldWillKillUsAll,81
Bakedschwarzenbach,81
HiFiMAN3878,81
electromagneticpost,81
totallyclips,81
mresm,81
EnoughPM2020,80
Facerealityalready,80
Weezy-NJPW_Fan,80
nnnarbz,80
wonderingsocrates,80
Innocul8,80
Ketsetri,80
Molire,80
todayilearned83,80
ExoticNormie,80
Claeyt,79
reuters,79
GregWilson23,79
Abusufian01,79
citrajayaa,78
Tough_Gadfly,78
HyacinthFT,78
Vandemonium702,77
secure_caramel,77
wewewawa,77
idarknight,76
1angrylittlevoice,76
hopeitwillgetbetter,76
Neo2199,75
trifecta,75
vaish7848,75
DragonPup,75
ninjascotsman,74
stankmanly,74
29PiecesOfSilver,74
Drinkie_Zilla,74
Madbrad200,73
AugustWolf22,73
JPR_FI,73
Espressodimare,73
martimcthrowaway,73
schottslc,73
lustfulcuties,73
fastclickertoggle,72
sviterochec,72
kugkug,70
Heavy-Ad6366,70
electrictoothbrush09,70
Telus1313,70
sdeskills,70
Cyberdragofinale,69
harsh2k5,69
thedailybeast,69
nowhathappenedwas,69
EdithDich,69
thinkB4WeSpeak,69
nanopicofared,69
XVll-L,68
AyeeHayche,68
glasier,68
nahalkishon,67
Too_Hood_95,67
ManchiBoy,67
javi2591,67
brilliant22,67
revdrgonzo,67
AsslessBaboon,67
Jeffreyxu0927,67
hunchedape,67
i_love_anachronisms,67
jeanbaptistegrenouil,67
Elderthedog,66
GreunLight,66
CcryMeARiver,66
BitterFuture,66
jonfla,66
Beliavsky,66
newfrontier58,66
WhoIsJolyonWest,66
3dprinteddildo,66
impeccabletim,66
redwineandbeer,66
pain_in_your_ass,65
imagepoem,65
Brothanogood,65
lestermagneto,65
Dooraven,65
Quasiterran,65
justalazygamer,64
Afternoonsin,64
ProfessorPerfunctory,64
FriesWithThat,64
TorukMaktoM,64
Ok-Pomegranate-7056,64
terrortone,64
TragicDonut,64
DonnyMoscow1,64
MTPokitz,64
Xeelee1123,64
Pessimist2020,64
NamelessForce,64
marji80,64
ginger_bredman,64
IntelligentWaistcoat,64
GuyNanoose,64
Creddit999,64
skl692,64
armchairmegalomaniac,64
Barack_Odrama00,64
kezzaNZ,64
Thinkingonsleeping,64
urgukvn,64
NinjaDiscoJesus,64
sh0tgunben,64
optimalg,64
luciennepage,64
Important-Goal8041,63
akosipops,63
groovygirl858,63
therealDrA,63
Sxzym,63
Miserable-Lizard,63
Archer1407,63
Thebirdman333,62
Visible_Willow7981,62
getBusyChild,62
BoundariesAreFun,62
mortalaa,62
WalkingTalker,62
TigreSauvage,62
Mainlyhappy,62
GreyBeardWizard,61
SetMau92,60
Winterisbucky,60
KC_8580,60
BeeBobMC,60
a_pinch_of_sarcasm,60
bonniethegamer223,60
VORTXS,60
foxfoto5,60
davetowers646,60
Alsecco,60
A-Dog22,59
anutensil,59
jcepiano,59
Nano_Burger,59
Labor_Zionist,59
DocsHoax,59
11-110011,58
RingloVale,58
foofoofum,58
PissLikeaRacehorse,58
EE9E456B59E12D2,58
NextDoorEmoji,58
FrigginMasshole,58
wiredwilde,58
HandSack135,58
themimeofthemollies,58
silence7,58
treetyoselfcarol,57
hammadurb,57
democris,57
formeraide,57
Me-eh,57
slakmehl,56
Stx_Digital,56
calbert1735,56
sugarshin,56
apple_kicks,55
larel8,55
Eurynom0s,55
HowAboutThisNameNow,55
YokedMF,55
JumpinKing,55
dawnrainbows,55
ScoMoTrudeauApricot,55
n_thomas74,55
justsomestubble,55
Can_Haz_Cheezburger,55
IAmABearOfficial,55
pasquines,55
ChocolateTsar,55
YouGov_Official,54
CordAlex1996,54
professorbrainiac,54
realplayer16,54
tta2013,54
duderos,54
yourSAS,54
truscottwc,54
qainin,54
jonzgreenberg,53
chilladipa,53
cncrndctzn2,53
EquivalentExit8781,53
5xad0w,53
theunifex,53
Smilefriend,53
DewChocolate,53
drunkles,53
aresef,53
BusbyBusby,52
VICENews,52
Semper-Fido,52
XIIXOO,52
dunkin1980,52
XXmynameisNeganXX,52
Strange_Tell_8508,52
Foot_Dizzy,51
thejimbo56,51
geoffvro,51
BabyJesusFTW,51
shelbys_foot,51
StevenSanders90210,51
nyroshan,51
vatred,50
ACABBLM2020,50
ishtar_the_move,50
Mumi24,50
reddicyoulous,50
random_user_from_pt,50
cgmcnama,50
Anony_mouse202,50
eeby_deeby,50
tugboattomp,50
sadgf13,50
diddycarter,50
HowMyDictates,50
BubsyFanboy,50
Critical_Politic,50
saadshouket92,50
Readynasa,49
Plainchant,49
Splenda,49
diadectes,49
Thefireisrishing,49
nixhex311,49
FarmSuch5021,49
klawdz,49
KymeStar,49
avinash7844,49
TexOliver93,49
freddiethebaer,49
TheRealMykola,49
JAlbert653,49
N8CCRG,49
iSleepUpsideDown,49
snowsnothing,48
HotDamnGeoff,48
Captainstinkytits,48
chris-jjj,48
UnstatesmanlikeChi,48
M7plusoneequalsm8,48
AdamCannon,48
xRipleyx,48
Sarbat_Khalsa,48
KRISHNA53,48
djpolofish,48
sdsanth,48
manticor225,48
nclobo,48
Pahasapa66,48
Mateony,48
The-Autarkh,48
chelsea707,48
emitremmus27,48
dorestes,48
YourInfidelityInMe,48
ihategelatine,48
uera,48
bbcnews,48
Reilly616,48
muchogustofuckyou,48
ppd322,48
easyone,48
pstbo,48
JLBesq1981,48
tank_trap,48
Sweep145,48
scrandis,48
Financial-Ground-942,48
aktivate74,48
bustead,48
jesaispasquoichoisir,48
qdude1,48
icedpickles,48
165701020,47
williamb100,47
sirbarani,47
GirasoleDE,47
HighAss,47
FLTA,47
chippychipper444,47
1Blue3Brown,47
aleph32,47
tyrannosauru,47
kas435red,47
alanwong,46
18-24-61-B-17-17-4,46
Jrsully92,46
JBupp,46
BoopSquad,46
Avulpesvulpes,46
Astroblemes,46
RightWingWeeb,46
lokmardion,46
bhodrolok,46
S_CO_W_TX_bound,46
Op_Market_Garden,46
blurmageddon,46
OmarLittleFinger,46
Doctor_YOOOU,45
matchettehdl,45
SpaceFaceMistake,45
YoloBoloPup,45
Summitjunky,45
GoodSamaritan_,45
melinda2020,45
speckz,45
aaaronbrown,45
tomassfoolery,44
erikmongabay,44
Due-Reading6335,44
WeWoweewoo,44
EasyMoney92,44
jaffacakes077,44
rishcast,44
temporarycreature,44
R1ckCrypto,44
Chino_Blanco,44
B0ssc0,44
Niflheim-Dragon,44
Le_Burg,44
16431879196842,43
Schiffy94,43
miked_mv,43
peretona,43
Adorable_Load_1564,43
marcusyami,43
LineNoise,43
JohnGillnitz,43
JustMyOpinionz,42
TheTelegraph,42
VengenaceIsMyName,42
adsman1979,42
FlyThruTrees,42
Imaginary-Top9382,42
cogentat,42
greenielove,42
aneloz,42
sayed_sameh,42
brithus,42
esteban-was-eaten,42
Ashmedai314,41
SoSmartKappa,41
Elise_1991,41
whibbler,41
joesoldlegs,41
mvanigan,41
Sorin61,41
ThorDansLaCroix,41
kozmo1313,41
Majnum,41
peglar,41
SympathyOver1244,40
Fanrific,40
monaleeparis,40
AccurateSource2,40
poop_scallions,40
AXOTRET,40
Collective1985,40
FragWall,40
Straight_Ad2258,40
ADignifiedLife,40
wenchette,40
Miamiara,40
N0T8g81n,39
NinjaElectricMeteor,39
Gaytaino,39
The_Majestic_,39
shiviam,39
Adelu1219,39
WhileFalseRepeat,39
Meatwadsan,39
chunkylover5E,39
Fri3ndlyStr4nger,38
hybridaaroncarroll,38
puremotionyoga,38
mom0nga,38
brahbocop,38
No___ImRight,38
luisgustavo-,38
lazyady,38
spinx248,38
Daniel100500,38
thenewyorkgod,38
Orbitingkittenfarm,38
littlebossman,38
FreeChickenDinner,38
maxcrazy,38
babyggrgg,38
BobbingForSmegma,38
Tarvosrevelation,37
checkmak01,37
Majestic_IN,37
leeta0028,37
MasterpieceFit6715,37
Ganon_Cubana,37
wqu06,37
Solid_College_9145,37
DELAIZ,37
SteO153,37
MGC91,37
fudgy_brownies,37
brain_overclocked,37
Satanifer,37
deadpools0,37
hernannadal,37
Jeffmister,37
Albatross9121,37
quipd,37
Rear-gunner,36
Seharti,36
zztop610,36
atrijuk,36
SweeneyisMad,36
DissentingJay,36
M__SUFYAN,36
Sofie-Forsberggg,36
777fer,36
Ok-Inspection-9797,36
2-mark,35
lotta_love,35
coldmolasses,35
Projectrage,35
natureboyldn,35
The_Rebel_Nightmare,35
TheDarthSnarf,34
ShellHead46,34
hostilecarrot,34
masktoobig,34
PresidentSpanky,34
casualphilosopher1,34
jivatman,34
LurkmasterGeneral,34
bshapiro24,34
Spin_Me,34
headee,34
taipingshan,34
LosFeliz3000,34
nycboots,34
untamedlazyeye,34
itsajaguar,34
hooray4horus,34
stealthVault,33
SoulardSTL,33
sarge-m,33
throwawaynumber53,33
heinderhead,33
schwachs,33
evissimus,33
fernleon,33
MarvelsGrantMan136,33
thewibbler,33
_hiddenscout,33
wingslutz69,33
cyberpunk6066,33
Not-original,33
fetustasteslikechikn,33
RoronoaAkku,33
Kaiser_und_allah,33
holyfruits,33
craponapoopstick,33
pochanobboi,33
cal_oe,33
anikhch,33
LJ_909,33
Bonboniru,33
protekt0r,33
MoreGull,33
JamesKBoyd,33
PsychSiren,33
maxxspeed,33
imll99,33
WagTheKat,33
fu2man2,33
temporary1953,33
AngelaMotorman,33
thewrongun,33
NameReservedForYou,33
statepkt,33
stoolsample2,33
petitveritas,33
MarxReadsRushdie,33
whatutalkingabout84,33
PeasKhichra,33
A-Wise-Cobbler,33
throwaway190283111,33
mafco,32
71tsiser,32
damselfliesreddit,32
mostaksaif,32
da_k1ngslaya,32
history777,32
N0tAG00dUserName,32
mistakes_maker,32
ajenn22,32
iggy555,32
throwjaway1234,32
Karma-Kosmonaut,32
mephisto2k2,32
Bogartsboss,32
thesesforty-three,32
shelltops,32
hurtsdonut_,32
everydaylauren,32
funk_addict,32
cyberanakinvader,32
cyanocobalamin,32
teslacoil1,32
2020isadumpsterfire,32
Adventurous_Device50,32
shill_hunter_x,32
FromJersey4,32
stupidstupidreddit2,32
MemweatherDangle,32
MadeInOne1,32
ts23_,32
wrtChase,32
austinexpat_09,32
ughsmugh,32
RevRickee,32
screaming_librarian,32
Supremetacoleader,32
Lixard52,32
C_est-la-vie,32
awake-at-dawn,32
ELPOEPETIHWKCUFEYA,32
USARSUPTHAI69,32
snowcommunist,32
GhostfromTexas,32
Vranak,32
SuccessfulOperation,32
IvyGold,32
thefunkylemon,32
dlkapt3,32
subtle-distruption,32
saurabh24_,32
HugeDetective0,32
Yamamba78,32
Jinno69,32
Augie-Morosco,32
alfosn,32
PanEuropeanism,32
Nafdik_Ya_Bashar,32
IAmClaytonBigsby,32
IHaveGreyPoupon,32
PotRoastPotato,32
NoKidsItsCruel,32
no_drama_obama_,32
mixtape82,32
Skippernutts,32
addpulp,32
TekOg,32
mystic_burrito,32
Hawkey89,32
eddiemoi3,32
shadilal_gharjode,32
Electrocutes,32
Nihilist911,32
Niyi_M,32
thebloodyaugustABC,32
Panda_911,32
vulcan_on_earth,32
therecordcorrected,32
hl3official,32
Pixilight,32
tocreatewebsite,32
TheZephyrMonk,32
admirablegoma,32
Kassina,32
appstools232323,32
nimobo,32
Sprinklys,32
rammen4,32
rromano125,32
r721,32
DizzyDrunkDude,32
cyanocittaetprocyon,32
SaulKD,32
mczack13,32
instantreporter,32
NovelGrass,32
redhatGizmo,32
eldarandia,32
Amamazing,32
gentlegranit,32
College_Prestige,32
livmau5,32
DiamondBox_,32
blood_bag,32
AdAccomplished8914,32
josh252,32
Hassanvhr0092,32
piponwa,32
Quiglius,32
jeremyd9,31
KStarSparkleDust,31
ImaginativeBlather,31
killemslowly,31
BirthdayTall5940,31
thesunbeamslook,31
infodawg,31
HotPappuInYourArea,31
dremonearm,31
redcccp,31
allez-opi_omi,31
sixweakasa,31
Suspicious_Chapter49,31
Pazluz,31
gmb92,31
TallAssociation0,31
Isla_Brown-856,31
J_ablo,30
chariotchoogle,30
Cheapo-Git,30
BrexitBlaze,30
HopexDeath,30
Worried_Raspberry_43,30
ameri9595,30
Zhukov-74,30
murielshound,30
HallucinogenicFish,30
ProofPhysics9132,30
1900grs,30
jamminstein,30
PeliPal,29
Conscious_Product_64,29
hwgl,29
Tardigradelegs,29
Tau_of_the_sun,29
Cyclone_1,29
Ultramanchan,29
Loki-L,29
TrumpSharted,29
thexmartharoon,29
pirate_republic,29
Hetalbot,29
Successful_Mix_8988,29
ajwadsabano,29
V3r4L4u7aro420,29
yoyo456,29
kirby__000,28
milkfiend,28
Ken808,28
1SirJava,28
weareallgonnadye,28
Starlight_369,28
sflqnv,28
NBAtee,28
Vegeta9001,28
quellerand,28
FTHomes,28
Nick__________,28
Ykana1,28
No-Rest9671,28
vt9876,28
InternalConference44,28
shaggenstein,28
FutureNytro,28
iymcool,28
faiaze26,28
grapehelium,28
john217,28
EastendDan,28
lurker_bee,28
imbignate,28
8to24,28
GroundbreakingSet187,28
ISeeYourBeaver,28
osomiisterioso,28
gymgirl2018,28
JakeFranklin,28
twotwo_twentytwo,28
CassandraAnderson,27
Philo1927,27
antrophist,27
Arakis-balls,27
Gumwars,27
HerrGreen24,27
brewtown138,27
adyrip1,27
Liberty-Cookies,27
alcantarkz,27
CoolDiamondsFTW,27
Striking_Pipe_5939,27
theguyjb,27
KatsThoughts,27
walkinman19,27
Djwhat6,27
_Piratical_,27
eastbayted,27
personAAA,27
jennaisokay,27
CJBill,27
Madame_President_,27
SGT-R0CK,27
ficerck,27
115MRD,27
StuffyGoose,27
RGV_KJ,27
hearsdemons,27
MrsFinger,27
Losityx,27
tom_snout,27
BeautifulLibrarian70,26
radiomatrix,26
abidallico,26
s_y_s_t_e_m_i_c_,26
PocketDynamyte,26
StarshipSentinel,26
gfghfhgfhfcvb,26
satish_gaire,26
CreamOnMushroom,26
FrankFFrankie,26
FreePrinciple270,26
cratermoon,26
ToffeeFever,26
blaspheminCapn,26
QuicklyThisWay,26
Fickle_Queen_303,26
SenorBurns,26
preppythugg,26
nilasaha69,26
lunarmoonr,26
okguy65,26
GeraltKratos,26
Haiduc2001,26
WickedSensitiveCrew,26
FuegoFerdinand,26
ColonelBy,26
Imgoga,26
Hassel_B,26
GOR098,25
Nvnv_man,25
Arslankh93,25
imrussellcrowe,25
naqi11,25
Moynamama,25
IanMazgelis,25
themadkiller10,25
WinFar4030,25
WutRTatersPrecious,25
Ok-Cry8992,25
Perrin42,25
3loves9,25
Ozymandias_a,25
PatientBuilder499,25
sprocket1234,25
Remarkable-Scratch50,25
mushpuppy,25
Apprehensive_Sleep_4,25
minty_volcano,25
Nairod88,25
millennium-wisdom,25
rookieoo,25
Carche69,25
theKhansChoice,25
booradly22,24
Knighter1209,24
Al_Redditor,24
roundearthervaxxer,24
nbcnews,24
digitalmascot,24
Khaleeasi24,24
MotoPassion,24
deron666,24
DaniTheLovebug,24
millionreddit617,24
LinhBraxon,24
RickyOzzy,24
Few_Click_4065,24
TX_borg,24
BringOn25A,24
Naderium,24
RhythmMethodMan,24
DippyHippy420,24
Alternative_N3ws,24
BallardRex,24
gjp23,24
PuterstheBallgagTsar,24
Starkiller20140,24
iuthnj34,24
Norfolk_an_Chance,24
MicroSofty88,23
LaloTwins,23
Jerkweed_,23
APrimitiveMartian,23
rbevans,23
JoMarchie1868,23
refalsalah2030,23
Geodestamp,23
RomanTick194173,23
oldschoolskater,23
joevinci,23
Illustrious_time,23
kenshen,23
flyingcatwithhorns,23
znaniranian5577,23
NewsProducer12345,23
GuyIncognito2022,23
457655676,23
Winstonoceaniasmith,23
MumbleGumbleSong,23
faviconstech,23
exokey,23
WyldeStile,23
doboskombaya,23
FabulousNinja8399,23
manual_tranny,23
datamigrationdata,23
mateothegreek,23
imart455,23
berserker_ronin,23
Sendstorepatter,23
strl,23
Newgripper1221,22
Somali_Pir8,22
Olliebird,22
MC_Transparent,22
akrobert,22
web_explorer,22
Gato1980,22
singingkiltmygrandma,22
ety3rd,22
LacedVelcro,22
konorM,22
Jaco-Jimmerson,22
Sahar1224,22
Elliottafc1,22
Infernode5,22
nonameklingonn,22
ThisIsNotCorn,22
Ontheroadtw,22
BattlemechJohnBrown,22
GonzoVeritas,22
SocialDemocracies,22
AntonK777,22
jerryyork,22
dissolutewastrel,22
FlashbackUniverse,22
introverted_panda_,22
combatwombat-,22
_Oolon_,22
2legit2fart,22
amiatthetop3,22
drz5555,22
sexychineseguy,22
HeatherFuta,22
printial,22
westbrook63,22
Lighting,22
Knowledge17264,22
Gari_305,22
Amn-El-Dawla,22
Dxk89,22
Fun_Border3913,22
toomuchmarcaroni,21
3BM15,21
TheDrunkyBrewster,21
OlympicAnalEater,21
AnimatorJay,21
bhuddistchipmonk,21
aikimatt,21
barbercrying,21
TheFullerTron,21
Sir_Bumcheeks,21
VoloNoscere,21
mrtareq778,21
The_R3venant,21
Khdotsh,21
tubulerz1,21
CR0Wmurder,21
012341,21
sniffles11,21
passintimendgas,21
errorists,21
sadthrowaway729378,21
IWantMyJustDesserts,21
bloomberglaw,21
BlackhotLoads,21
hconfiance,21
Hot_Teen_Girl,21
Ga_Manche,21
DonSalaam,21
throwmeaway589,21
RainbowCrown71,21
librarianjenn,21
InternetPeon,21
stoutshrimp,21
Civil-Night-8378,21
DocWaterfalls,21
1Chloe_Price,21
dieyoufool3,21
He-is,21
Own_Buffalo6058,21
boomership,21
DJ_JOWZY,21
Correct_Platypus5649,21
-jsb,20
90skid91,20
Actual__Wizard,20
MrMiddledoor,20
jim1980abc,20
Diogenes_Epiphany,20
Pim_Hungers,20
fullchargeflower,20
niekk1792,20
kyla619,20
CapableSecretary420,20
ivanissac,20
VeterinarianProper42,20
calvinpug1988,20
claire0,20
reverendrambo,20
Yurkovskii,20
Melodic_Oil_2486,20
Kolipe,20
HelFJandinn,20
prosyscoms,20
aisosareva0413,20
Daedalus_27,20
skoalbrother,20
OrganicRedditor,20
Key_Ad1968,20
_NewsClues_,20
bloomberggovernment,20
isaac-get-the-golem,20
papapikey,20
BuckRowdy,20
darbsdood,20
llamasonic,20
cogit4se,20
madcowga,20
VGAddict,20
mps1729,20
knowitokay,20
Puzzleheaded-Bug7189,19
manauiatlalli,19
trangtrangxyz,19
Powerful_Raccoon_141,19
USB-D,19
sapientia-maxima,19
proper_frequency,19
Rofocal07,19
germano_nh,19
dalvrin,19
EmeraldIbis,19
Banemorth,19
sjw_7,19
4nis,19
Lahampsink,19
harv3st,19
Lever__Debt,19
Tetizeraz,19
BigClitMcphee,19
Traversar,19
plantaryjones,19
phunky_1,19
Geo_NL,19
eggmaker,19
pfaccioxx,19
Strongbow85,19
Boardindundee,19
Rage_Like_Nic_Cage,19
skipthedamned,19
Flashycope,19
kos1111,19
AndyJack86,19
sector3011,19
cryptocandyclub,19
persianprez,19
Ezzy17,19
vitamin_protein_,19
gregspresso6,19
DangerStranger138,18
DrJGH,18
Langkit,18
superegz,18
Helpful-Substance685,18
Slopteck,18
RaiderOfZeHater,18
AkaGurGor,18
GoldStandard785,18
Ascalaphos,18
dj-otzi,18
Gboard2,18
manoflick,18
Kier_C,18
HotPomelo,18
d01100100,18
Mephisto1822,18
AllHailTheWinslow,18
Noisy_Toy,18
SecondAccount404,18
aegon-the-befuddled,18
Rpdaca,18
Ben_Pars,18
bubble_2107,18
interestedin86,18
Liquid_heat,18
FireSparrowWelding,18
DisasterousGiraffe,18
thedubiousstylus,18
StandWithTigray,18
PauloPatricio,18
Bloke22,18
compoundluck,18
HoustonAg1980,18
relevantlife,18
nanaclifford,18
thatscringee,18
hellomondays,18
goran7,18
aggie1391,18
maybenot12,18
Hopeful-Ad1887,18
jewelsofeastwest,18
Ill-Contact-1204,18
HairySquid68,18
DasCapitolin,18
PacificSun2020,18
New-Program7948,18
plutobug2468,18
tpars,18
ExternalVariation733,18
tanshashord,17
MachoNachoTaco,17
eldashev,17
f1sh98,17
Europeaball,17
inAbigworld,17
Q_Q_S_S,17
bichonista,17
F16KILLER,17
WontThinkStraight,17
geiwne,17
UnlimitedLambSauce,17
oldgeek123,17
vect77,17
ggershwin,17
Naive-Project-8835,17
Ajayu,17
CarbonSquirrel,17
Vico1730,17
Ehansaja,17
NoahPransky,17
corrosivematerial,17
HorsesMeow,17
CyberArtillery,17
makarmackinnonstan,17
Melodic2000,17
LuckyLaceyKS,17
EridanusVoid,17
I-Am-Uncreative,17
AppropriateSeesaw1,17
ethereal3xp,17
Defiant_Swann,17
jeetah,17
Creative-Ocelot8691,17
muctlv,17
TurretLauncher,17
EmJ1990,17
wrdb2007,17
DonaldKey,17
MulciberTenebras,17
Ph_Speed,17
Pet1003,17
sebileis,17
behrkon,17
chillysaturday,17
outerlimtz,17
Rogerstonetwitter,17
OutgoingOrange,17
CaptainWisconsin,17
thebelsnickle1991,17
MySockHurts,17
ThouHastLostAn8th,17
chumbucket4urmom,17
likebudda,17
Cheekclapped,17
Thebanks1,17
MrSoapbox,17
bagood1,17
Berningforchange,17
onlytounsubscribe,17
jinbtown,17
Treasonmanbad,17
rofflemyroffle,17
Vedder93,17
Human02211979,17
c0wpig,17
BroskeyDemands,17
yeoxnuuq,17
travelinlighttoparad,17
Vicsterrr,17
Pancakejoe1,17
CmdretteZircon,17
orbitcon,17
HumanChicken,17
mikedomert,17
s1s1s1s,17
OMFGFlorida,17
clueless_in_ny_or_nj,17
bhaggith,17
WindsorBallet,17
mobile_website_25323,17
loztriforce,17
DrScientist812,17
homerino,17
TonyChanYT,17
ajdrausal,17
lStrakle,17
kellbell500,17
ghostofwiglaf,17
Nahid145,17
fangrider99,17
dollarsandcents101,17
ack154,17
borboforbo,17
CrazyCor,17
walter1950,17
papipota,17
HexezWork,17
AnatoliaFarStar,17
ftejadal,17
houshutter,17
JerseyWiseguy,17
Capt_Kirk10,17
watkinsjoe,17
brstevens,17
duck-butters,17
buckeye90_jb,17
ChrisBoyMonkey,17
scott_gc,17
imomushi8,17
Ravenq222,17
diffcalculus,17
americanalyss,17
PoliticalScienceGrad,17
toeprint,17
allzpower,17
walterlawless,17
Fun_parent,17
byebyebyecycle,17
American_potatoe,17
in_michigan,17
MeineBryon01,17
reddicyouloss,17
avivaisme,17
International_Band72,17
Reddittrip,17
sully3333,17
AFlaccoSeagulls,17
boxed_knives,17
catshit01,17
the_human_raincheck,17
standardtissue,17
TrillboBaggins,17
gogandmagogandgog,17
Horror_Mango,17
KatzDeli,17
unital_subalgebra,17
Razgriz47,17
Waterzone5,17
Bigd1979666,17
Tomahawkin95,17
iWearSkinyTies,17
cdtoad,17
sifterandrake,17
MrRKipling,17
Autisticpepe,17
DaramoeX,17
NiceCasualRedditGuy,17
sheuvvie,17
Nelsaroni,17
harushiga,17
Annahsbananas,17
nmork,17
oroticacid,17
Short-fat-sassy,17
justsigndupforthis,17
RallyZona,17
xryanpagex,17
ErnestGetsElected,17
SerScronzarelli,17
DWinsauer,17
phx2dtw,17
BPMK-11171207-DE,17
ticklishpandabear,17
Joescranium,17
Dimitra1,17
eternallatake,17
L82Work,17
lawrencebanderson,17
quinninin,17
BKNas,17
cameraman502,17
hyogurt,17
lemming-leader12,17
Nasser1970,17
Jerund,17
Rua-Yuki,17
Brytard,17
AerialDarkguy,17
iAmTheHYPE-,17
huffpost,17
spiderman897,17
TutingDog,17
SageMo,17
axiosempra,17
gumball_Jones,17
Orange_fury,17
areallyshitusername,17
purrgatory920,17
IAmSlimShady,17
amtrusc,17
Evilkenevil77,17
Urf_Hates_You,17
ajstrange1,17
cbingrealz,17
JoseTwitterFan,17
brotogeris1,17
BadDrvrsofSac,17
ChoicePilot49,17
Slavic_Dusa,17
StuckInABadDream,17
BreakingGarrick,17
Rawrsomesausage,17
Another-Chance,17
JewishDoggy,17
AnonymousJoe12871245,17
parkernorwood,17
JMyers666,17
TheDefectiveSnoo,17
Melanismdotcom,17
zyloros,17
Nearot,17
Jerways,17
xDaze,17
hazysummersky,17
Peter_Venkman_1,17
BoGaN223,17
gulabjamunyaar,17
Geaux2020,17
pfloyd102,17
crisvincent,17
Smithman,17
coeliacmccarthy,17
redditorPleaser,17
V_IR,17
GlitchedGamer14,17
-Ph03niX-,17
ALotofThought,17
Crankyoldhobo,17
clocks212,17
Minneapolis_W,17
cvelz,17
BabyMonkeyOnPig,17
merk35802,17
Seen_it_Already,17
WibbleWibbler,17
Calabask,16
Jiggle-Bounce,16
DEATH-BY-CIRCLEJERK,16
Dismal_Prospect,16
testingtestingtestin,16
baioeilish,16
cc_hk,16
flonder88,16
TransJordan_Peterson,16
vitaminberry1,16
leafgreen7,16
diacewrb,16
darkdeeds6,16
8myabcsair,16
ProfGiallo,16
amzin,16
EvilMorty95,16
Jeremy10001000,16
seanfitznz,16
Analist17,16
Sleepy_C,16
DuckyJosh,16
ShaolinTom,16
ConglomerateApe,16
PermOffended,16
dntcareboutdownvotes,16
fruitspunch-samurai,16
Y_122,16
5P0NG3_B0B,16
Phroneo,16
MariaLG1990,16
Kyuu_Ichi_Roku,16
freeasabee1,16
TheSuspiciousKoala,16
QueenofDrogo,16
ntbananas,16
deadadventure,16
munnadb,16
edu-fk,16
Rvolutionary_Details,16
WhateverSure,16
eat_de,16
marasydnyjade,16
geordilaforge,16
bdh008,16
DannyMcDanface1,16
shvinsk,16
enigmasaurus-,16
mkroberta,16
JohnTheGenius43,16
hamada1217,16
SentinelSpirit,16
Imperial007,16
Psydonkity,16
Parking_Web,16
vancitycloudsnsun,16
F_D_P,16
rob117,16
SneakyPanda7,16
XoHHa,16
superman7515,16
sixthsheik,16
caj_gol,16
Illum503,16
Murderhands,16
Rockithammer,16
Legio-X,16
Admiral_Asado,16
karmatiger,16
jl_23,16
iali307,16
Revolutionary_Stuff2,16
afeeney,16
love_day_cup_all,16
Essnem-,16
amgrapid,16
pacificSierra,16
Bakershere,16
hedaenerys,16
YazanShawish,16
uriman,16
675longtail,16
FoggyForestFreak,16
chronicking83,16
ahm713,16
gsupanther,16
artfor,16
iwanttodrink,16
Epyc-News,16
Gdileavemealone,16
smonthms,16
NW_SWAT,16
theflamingskull,16
rit56,16
tekbrights,16
Superplayer90210,16
dori_lukey,16
-ParanoidAndroid_-,16
uswhole,16
Bjartur,16
dustofoblivion123,16
dannlee,16
dspins33,16
varun1102030,16
PatrickPlan8,16
robelgeda,16
nastaliiq,16
Redditsoldestaccount,16
whogivesafuckwhoiam,16
Fuckrudygobert,16
Content_Policy_New,16
Stach37,16
BabaYaga17,16
RodMcThrustshaft,16
Familiar_Internet,16
squashpickle8,16
Tucko29,16
Dannage8888,16
singularfate,16
loaialaa,16
gloriousglib,16
rogerwilco42,16
tridentgum,16
TheLostwandering,16
Akephalos_Agares,16
ArtLover357,16
Daniel-Darkfire,16
ThomasAcid,16
grimlooke,16
quegrawks,16
chessc,16
mz3ns,16
irraguhil,16
nsavart,16
GoldMEng,16
Shockingandawesome,16
gerry_mandering_50,16
hk8192,16
Dean-Advocate665,16
JamburaStudio,16
Arcvalons,16
plkijn,16
bittenthrowawayname,16
corginamedzelda,16
Virtual-Chameleon,16
ElectricFleshlight,16
stephenproducer,16
mohiemen,16
dasoberirishman,16
ZZerker,16
NerimaJoe,16
stinger0825,16
DueyDerp,16
Elsa-Fidelis,16
ToGrillAMockingbird,16
Akid0uu,16
stoukos,16
Nexmarim,16
cousinz,16
thisisbor,16
adifed81,16
Innokin-Benedict,16
MightyBlues,16
eeca20,16
JD017,16
mod_89,16
LuKasih,16
Zaxo1990,16
anewhand,16
caimen,16
violettes,16
thinkration,16
ma002,16
StcStasi,16
noelcowardspeaksout,16
halond,16
nishn0sh,16
__Dawn__Amber__,16
koala_pistol,16
Lost_Distribution546,16
khalo_,16
Veldron,16
bigbear-08,16
ma582,16
Nerdgasmsers,16
skypetutor,16
Devz0r,16
wurstfinga,16
Early2000sRnB,16
VisibleMatch,16
a_wild_redditor,16
MyLifeIsAFacade,16
whitehousefluffer,16
BearsNecessity,16
Cpt-Koons,16
Zack,16
aacool,16
-kizza-,16
Gringo_Please,16
iamnotinterested2,16
Avenatti4President,16
colonel_phorbin,16
_RedditIsForPorn_,16
Gshawn875,16
friskyfrog,16
TheCocksmith,16
Marilynkira,16
TheEvilGhost,16
spedere,16
Morningknewz,16
tanishvva,16
Budrunner,16
cmeilleur1337,16
Leondgeeste,16
SkillUpYT,16
two_plus_two_is_zero,16
SatishVishain,16
LiveBeef,16
Kate2point718,16
4ourkids,16
Khanitez,16
Final-Fox,16
d0mth0ma5,16
kspkido1,16
mmmmkaycomputer,16
iThinkaLot1,16
Pizza_1234,16
nebukatze,16
Labtechmoncton,16
LeGrandOriginal,16
ryan_fr,16
lingolingolingo,16
H0b5t3r,16
chubby_cheese,16
Hundred_Year_War,16
Therandominator100,16
Tungstendragonfly,16
cenuij,16
kQuantumK,16
fisherthirty3,16
Golly_Im_Hot_Today,16
Minneapolitanian,16
mudkipzftw,16
kogeliz,16
WithFullForce,16
HamsterFull,16
Defluvium,16
Leon91,16
Clarinetaphoner,16
Hjger,16
madam1,16
savuporo,16
Crones21,16
lukalux3,16
iuseptt,16
emr1028,16
Ak_Ibrahim,16
Faruyazy,16
HKnational,16
Pixelmasterz,16
Randnagar,16
MagoCrypto,16
sexyloser1128,16
IDUnavailable,16
MingWree,16
Tiennus_Khan,16
like_a_wet_dog,16
musicroyaldrop,16
homicidal_penguin,16
AngelofDeath2020,16
polopiko,16
The_Slothstronaut,16
zxcv1992,16
Hoodafakizit,16
snowmansni,16
Koquillon,16
GrayCosmonaut,16
kullnames,16
tipodecinta,16
NotSofie,16
anticensorship10,16
legendfriend,16
Chachmaster3000,16
coldbrew_latte,16
ahandsomeboy,16
Oxygen0796,16
JoeinJapan,16
doubtitall,16
Wizzmer,16
Ssider69,16
OutThinkz,16
Retrrad,16
rustyseapants,16
Ocurz,16
tamifromcali,16
mikkeman,16
IncidentalIncidence,16
ChrisTweten,16
porcelain_robots,16
atheismthrowaway0,16
astrotyagi,16
scooby4,16
HooperAoapjm,16
SJDeacon,16
dyNASTYn00b,16
sandwich_hunter,16
ShotTeach,16
Sibuna25,16
snacksv1,16
proscriptus,16
Ra75b,16
ThatsBushLeague,16
CenturionElite,16
LuckyBdx4,16
ScatteredSignal,16
tniassaint,16
TrueConservative001,16
capuche5_0,16
ExpertTexpertChoking,16
SarcasmMonkey,16
poor-butterfly,16
questiondudes,16
Marine_Mustang,16
iyene,16
AtotheZed,16
CalmFisherman9,16
data2dave,16
puppy8ed,16
sahar1217,16
IMZ35,16
These-Willingness-13,16
johnbradleypeele,16
WildlifePhysics,16
drakanx,16
cheesechutney,16
Lolastic_,16
ThePatriotParty,16
theseanbeag,16
limoto,16
-_-pete,16
dont_come_any_closer,16
hoardingthrowaways,16
thisisnk1,16
dookie83,16
ploflo,16
strhope,16
ericof,16
FFP3,16
ml5c0u5lu,16
CactusBoyScout,16
Transeuropeanian,16
MrDeebus,16
Prepare_Your_Angus,16
katie_dimples,16
modereddit,16
acupoftwodayoldcoffe,16
AngryChair88,16
ralo90,16
WayneEastwood316,16
MAGAtearscollector,16
ronnynr,16
heisLegend,16
Bit-Random,16
GovernorOfReddit,16
Independent-Ad-9907,16
shameineedthis,16
Methylatedcobalamin,16
Darzanak,16
dmo069,16
fishbethany,16
tunaricelemonjuice,16
Tamarind-Endnote,16
tilottamaa,16
TP-formy-BungHole,16
jgb75,16
Bangemkikkoks,16
shtup,16
bush-,16
jetz92,16
Lyrixio,16
NickDanger3di,16
Im__Bruce_Wayne__AMA,16
FYoCouchEddie,16
latchkey_adult,16
astrus_lux,16
Buffaloslim,16
ser-1-,16
throwaway-monk98736,16
tomorrow509,16
NineStrix,16
knuds1b,16
Squirmingbaby,16
Sum1udontkno,16
SubjectCharge9525,16
s0m3f00l,16
ThatGuy798,16
SveNss0N,16
Dooth,16
sameersarah,16
bighootay,16
falconbox,16
Toolsheddin,16
IDreamOfLoveLost,16
SprinklesFederal7864,16
cigs_and_coffee,16
ReallyRichRichard23,16
AConfederacyOfDunces,16
huey_and_riley,16
Bataraangs,16
bbrig89,16
Pdxduckman,16
nyerinup,16
SucksToYourAssmar3,16
N3ws_h0und,16
youtellmebob,16
itswhatsername,16
ImJustaNJrefugee,16
Batman264,16
Stock412,16
Glumbot_2,16
MayerRD,16
Black_Magic_M-66,16
Robinhoodthugs123,16
danm1980,16
StoopSign,16
Sharp_Course_9583,16
Detergent5879,16
insipidwanker,16
indigo-alien,16
Ehtisham99,16
IndependentSpeech8,16
PM_Pics_of_Corgi,16
arnaoutelhs,16
Shacken-Wan,16
kashmiriboi,16
Eastern_Detective514,16
ashwazz,16
covid19fmd,16
joeyoungblood,16
khaled,16
Brann62,16
smoothiesaregood,16
KvasirsBlod,16
vilekangaree,16
blend4398,16
bowling_brawls,16
BasedSweet,16
quaero_ergo_sum,16
HotNatured,16
jimmurphysf,16
disequilibrium0,16
reginold,16
CaptMackenzieCalhoun,16
C-Rax,16
ionised,16
Insightmagazine,16
RNews_Mod,16
thelordoftheweird,16
Rugwed,16
pnewell,16
stupidstupidreddit,16
saucytryhard,16
CavePrisoner,16
rentalfloss,16
heAvakin,16
hamburgers666,16
Meta-Master,16
Zederex,16
CatolicQuotes,16
JimmehGrant,16
Ironfox2151,16
chilli_chocolate,16
Flemskii,16
namafi9,16
VoxPopuli74,16
Yo-boy-Jimmy,16
markpas,16
TheRealMassguy,16
justacarrot4u,16
75000_Tokkul,16
New_Diet,16
Virusdaythrowaway,16
Fitz_cuniculus,16
NZ_Diplomat,16
BestButtons,16
aka_KyZa,16
EMT101011,16
stone_dog,16
jworkmusicofficial,16
shishdem,16
magic_slice,16
howdoesthekittygo,16
pihkaltih,16
_Perfectionist,16
someonethatiusedto,16
ADotSapiens,16
CapAmericaJr,16
Flanktotheright,16
BenK567,16
TechieRichard,16
TheColourofDeadMen,16
Druco,16
jaykirsch,16
Smileyjoe72,16
picboi,16
Veridiyus,16
aubonpaine,16
herbalgenie,16
LIS1050010,16
irvw,16
xiao95,16
aguyfrominternet,16
SpasticCoulomb,16
txiao007,16
FLUCKADRIFT,16
TigerSharkFist,16
ivalm,16
TickleMyNeutrino,16
catslay_4,16
hinghenry,16
Randclad,16
Drumlin,16
kaostriker,16
0oooooooo0,16
scottishsteveo,16
Reahvenz,16
ThucydidesOfAthens,16
Celestial_Inferno,16
themiamimarlins,16
xLilBudz,16
Ennegerboll,16
gotmypitchfork,16
Satarn_27,16
MagAndBag,16
Xiroth,16
martinschulz91,16
Growlithe99,16
Kubrick_Fan,16
panzerfan,16
NerdSlayer4253,16
FindingDope,16
Tunlin555,16
SyriseUnseen,16
piezod,16
MorgrainX,16
Yogurt789,16
Dvdrummer360,16
bobbobdusky,16
totom123,16
WombatusMighty,16
plumber_craic,16
Abbottizer,16
senfgurke,16
Coldbeetle,16
EssoEssex,16
Ambitious-Guest-4088,16
jatawis,16
ONinAB,16
princey12,16
avivi_,16
ICumCoffee,16
EpycWyn,16
snicker33,16
rdmc23,16
Gernikara,16
cito-cy,16
sreeker6,16
LeatherBuy,16
Medium-Mirror9118,16
ynotbehappy,16
neosporin,16
Fernmelder,16
aggie_ftfy,16
danielthetemp,16
-therealfatshady-,16
Link3265,16
666FuCkThEwOrLd666,16
filmfan10,16
FrancieBail,16
SwiftieNA,16
UWCG,16
VengefulApathy,16
cristianpodar,16
chodeboi,16
StayAwayGougeAllDay,16
Vegetable-Anger,16
WasHogs8,16
SamDumberg,16
followfornow,16
JimmyTheGinger,16
hiheaux,16
Hanginon,16
brasswirebrush,16
IAmAChronicLiar,16
darkfires,16
h2oape,16
zukusenryuuu,16
2_Sheds_Jackson,16
MrsBuck2u,16
LeDumonster,16
nrmlgir111,16
vanulovesyou,16
kerovon,16
stokelymitchell,16
Successful-Bee-2492,16
VisionLikeAHawk,16
system_exposure,16
impishrat,16
They_always_watch,16
rspix000,16
Jennysequoia,16
Mamacrass,16
Trumps-is-a-Bitch,16
BertramPotts,16
beIIe-and-sebastian,16
StChas77,16
smellslike__updog,16
myt0mmy,16
ProfessorButterworth,16
SwingJay1,16
snova56,16
Reddit_guard,16
puppuli,16
Sadishist,16
Crawl-Walk-Run,16
chiaconan,16
DAXTrading,16
courier1b,16
5280_TW,16
Sporeboss,16
TexasITdude71,16
query_squidier,16
YourMomAteMyDad,16
PepeBabinski,16
agentkingdeath,16
Gorguf62,16
Obrocheetah,16
sketch24,16
Ayrane,16
WhispersOfFear,16
SamMee514,16
clientWest,16
suzukigun4life,16
Spudgun888,16
remeard,16
orthodoor,16
huskiesowow,16
Creasy007,16
progressiveforbiden,16
icpd30,16
fuzzo,16
destroyallco,16
paramedic236,16
ableseacat14,16
PeaksForDays,16
Normiesreeee69,16
gankstar5,16
ForeverSeahawks,16
fingershrimp,16
joejoe903,16
Obi-Anunoby,16
LeBronFanSinceJuly,16
dennisb407,16
DamagedHells,16
jerimiahf,16
BruntLIVEz,16
27Christian27,16
Hermitically,16
Ccubed02,16
schwarzkraut,16
MojoJsyn,16
ZombieSocrates,16
billnye97,16
tmll333,16
Hillick,16
najing_ftw,16
EinarrPorketill,16
tyw7,16
WorkTomorrow,16
Kujobites,16
Maple_VW_Sucks,16
biyoshi,16
Sariel007,16
Cheezied,16
SlipperyThong,16
Tiggles_The_Tiger,16
CircusSeal,16
mangoarts,16
00cole00,16
TastefulThiccness,16
MainEchidna0,16
DumbledoresAtheist,16
Porkins67,16
DemWitty,16
snarkula,16
regularly-lies,16
loremipsumchecksum,16
WalmartVirgin,16
EditorRedditer,16
MastodonOk8087,16
Professional_360,16
Frozen_007,16
BuckeyeJay,16
Cedric_Hampton,16
gunch,16
Binodash,16
DaveSW888,16
TheMnemosyne,16
altmorty,16
Cyrano_De_BIRDATTACK,16
BetsySweet,16
cutestudent,16
Areilan,16
benfelix1,16
pegothejerk,16
gregcoit,16
boc1892,16
1PositiveKarma1,16
i_am_ayesha,16
We-can-fix-it,16
Catdog24z,16
ShoeXiu,16
manyspikes,16
eagle16,16
Bloodbath-McGrath,16
danielnewton1221,16
KellyanneLail,16
mclardass,16
Rex_Scorpio,16
Cameliano,16
hipster_deckard,16
bythesea_man,16
mashipp,16
sryyourpartyssolame,16
PhilConnorsRemembers,16
Professor_Abronsius,16
wan314,16
rollwave21,16
RationalAnon,16
MitzieTidwell,16
Thai-Reidj,16
flounder19,16
smedlap,16
107reasonswhy,16
norcalnatv,16
Cyke101,16
BousWakebo,16
billthomson,16
willywalloo,16
RazielJD,16
javaxcore,16
LosIsosceles,16
aenderw,16
drkrokr,16
mahomatik,16
TuvoksDoRag,16
Taher6168,16
granny_ew,16
gzingher,16
StupendousMan1995,16
75dollars,16
UrRedCapIsOnTooTight,16
nirad,16
phillygirllovesbagel,16
B4K5c7N,16
Touristupdatenola,16
coreydh11,16
wolfie_poe,16
ralphbernardo,16
JesNycRoq,16
HabitRage,16
salvorhardin_BE,16
HabitualGibberish,16
Minifig81,16
DonaldJGromp,16
Wookers1984,16
Abs0lut_Unit,16
Hal9099,16
Par_12,16
texastribune,16
sureillberightthere,16
poliscijunki,16
PM_Me_Thick_Muffins,16
N1knam,16
Infraam,16
Meechlafanna,16
Faheen,16
ReadItSteveO,16
Aplay1,16
The-Grand-Pepperoni,16
fishmister7,16
pulpooo,16
UnironicThatcherite,16
random5368,16
treehousebk,16
boriskin,16
Harvickfan4Life,16
LazamairAMD,16
derekbrokeitagain,16
zossima,16
Wllscavsfan101,16
Connect-Tea,16
Susan_Sto-Helit,16
WendyPeffercorn6789,16
dank-nuggetz,16
UncleToddsCabin,16
Bream1000,16
Bammerice,16
SaladinsSaladbar,16
optimisticOG44,16
joesperrazza,16
twistedlogicx,16
cedaro0o,16
Midnightoclock,16
cottagecow,16
DefundTheCriminals,16
Bernie-Standards,16
clash1111,16
dilan74,16
Sink-Em-Low,16
zuppo,16
crmzon,16
ProllyPolly2,16
trostlerp,16
coffeespeaking,16
TheWoodworkher,16
DrAnthonyFauci,16
about_350,16
CarsonWentzGOAT1,16
Famouslaugh,16
News2016,16
Bunnes68,16
hilltopye,16
mcoder,16
Inquitus,16
nandacast,16
last1yoususpect,16
Onedayatat1m3,16
qkfb,16
ZachandMattShow,16
rockycrab,16
slingtarp,16
shabuluba,16
dangzal,16
wpgbrownie,16
Nooby27,16
AmbitiousCelery0,16
ChimeraMistake,16
Maxcactus,16
firstcruiser,16
Chanel1202,16
stetoe,16
Bluest_waters,16
AnonymousTank,16
Clatuu1337,16
soopninjas,16
DaMirage,16
MarkAndrewSkates,16
baffybonk,16
fbreaker,16
YongeCambodian,16
SplitImage__,16
etu001,16
Icy_Incident_4098,16
xXGeneric_UserNameXx,16
jigunar,16
SmartassRemarks,16
ourari,16
mad_tortoise,16
twopacktuesday,16
bigtmcd44,16
MinnesotaMiller,16
Aversin21,16
trilogee,16
Delicious_Poet_698,16
djh860,16
BeastofBurden,16
Your_Moms_Flame,16
RamTank,16
Windwakerson,16
abidhussain11,16
Sodoff_Baldrick_,16
mrmojorisingi,16
mister_geaux,16
shaggyhairjayy,16
A_Song_of_Two_Humans,16
svedka93,16
spsheridan,16
jag316,16
rainingnovember,16
WillingReputation,16
o-Themis-o,16
Anon-Bosch,16
Octavi_Anus,16
KinkyQuesadilla,16
2RoamRome,16
amotivate,16
thaitoospicyforyou,16
Cornbread52,16
linuxjava,16
Realityisatoilet,16
rikilamadrid,16
TheGabnor,16
voidworship,16
angular_js_sucks,16
finessedunrest,16
-Barack_H_Obama-,16
StupiderIdjit,16
conzeeter,16
exmoor456,16
elburcho,16
thegrillinggreek55,16
RadicalBeam,16
jschubart,16
mrtsapostle,16
Danielle082,16
lisab2266,16
AsYooouWish,16
circumventthesystem,16
LadyMeadows,16
ctothel,16
ChargingAntelope,16
SegundaMortem,16
seandavidson123,16
Own_Ad6388,16
SaltyNRPlayer,16
Lord-AG,16
drunk69,16
VPStaceyAbrams,16
nadinebale,16
inventingways,16
ThorleBanana,16
dantheman_woot,16
bendythebrave,16
beneficii9,16
cruud123,16
drawkbox,16
maximilious,16
NextHammer,16
QuirkyQuarQ,16
thweet_jethuth,16
MikeyP63,16
thenewdaycoop,16
TedCruzIsARealHuman,16
SacKingsRS,16
JawnBkillinem,16
SimulationMe,16
Devils_doohickey,16
gro0vr,16
Millie68,16
tuberosumsolanum,16
chisef,16
1975-2050,16
db_2_k,16
owsmpwsm,16
canadaoilguy,16
blackswanned,16
Double-Anteater228,16
one_cat_ten_lives,16
hawkilt,16
Lucaswebb,16
Gurboy,16
whatisyournamemike,16
Hitflyover,16
Moon_emoji,16
secret759,16
Away_Needleworker6,16
SirT6,16
BarelyLegalSeagull,16
Wise_Collection,16
HowAmIHere2000,16
Tbad556,16
ajax55,16
masstrip,16
Kenyanstoner,16
Jmjn,16
NewsMom,16
Jackson_ville,16
westdodger,16
ADavidJohnson,16
GoAskAlice,16
dukecitypeckerwood,16
NateLundquist,16
Pikamander2,16
rstlg,16
Jeremy_Martin,16
babyfats,16
Darth_Kahuna,16
AlienInUnderpants,16
Serath4,16
singleboomer,16
TommyKnotts313,16
tomh9053,16
hash0t0,16
IcedKnee,16
IanSausage,16
PocketPinball,16
donnawannacracker,16
Oddsock1701,16
Maxwyfe,16
blueshiirt,16
timmehx23,16
kidsarenotallright,16
MrPanda21,16
I_shitUnot,16
azog1337,16
LearningRainbows,16
legmeta,16
tender_hearted,16
Scoundrelic,16
DNVR1345,16
zhacker78,16
kismethavok,16
KyloRose23123,16
SeriousKarol,16
Mistermiyagi93,16
iDemonSlaught,16
AssuredlyAThrowAway,16
NovaPutrescent,16
eastboundyogi,16
jepremo,16
SushiJuice,16
NeinKaiser,16
iTechie,16
explorer_76,16
jonredd901,16
deific,16
nomorenomore111,16
ORDbutlasttimemedic,16
Plus-Staff,16
Akakiwi,15
strongerthenbefore20,15
paulhayds,15
Scoutster13,15
RUN_MDB,15
chopchopped,15
Synappnes,15
kuze00,15
Bluerecyclecan,15
Pajaritaroja,15
unsaltedbutter,15
jsinkwitz,15
ShushKebab,15
FamousReceptor,15
ChickenTeriyakiBoy1,15
ClockOfTheLongNow,15
Sp0ok_,15
KeernanLanismore,15
DarkLeafz,15
chagall1968,15
CarlKenlik,15
Vercitti,15
HeinieKaboobler,15
milktankslover,15
ItaSchlongburger,15
SixProudWalkers,15
admadguy,15
Ina_Iration,15
Fandango_Jones,15
Th3_Accountant,15
zufix,15
WeCanDoThisCNJ,15
drakejones99,15
gyropyro,15
MRCOLT2,15
antinatalistagnostic,15
TheRareWhiteRhino,15
Spiritual_Navigator,15
pishposhpoppycock,15
New_acc03,15
Old-me-19,15
IWantPizza555,15
DanielMoore0515,15
snooshoe,15
Ossify21,15
Lupishor,15
killHACKS,15
Grouchy_Energy_1394,15
saltyswedishmeatball,15
yeoz,15
Pleasant-Force,15
Julian81295,15
XiLongHusk,15
Massimo24ore,15
Temporary-Benefit365,15
unbeatable_101,15
bigbongtheory69,15
bugsontheside,15
larryref,15
AschAschAsch,15
HubrisAndScandals,15
FPL_Fanatic,15
Septimus_Decimus,15
treddit0r,15
_karma_bitch,15
fearlessdna,15
iambarrelrider,15
jarizzle151,14
LehmanMothers,14
Phantomzayna,14
beeperone,14
AshingKushner,14
GeneticMutants,14
notbatmanyet,14
Fishsticks011,14
NSDetector_Guy,14
Memetic1,14
wanna-be-wise,14
grateful4201989,14
miso25,14
GullyShotta,14
Tovin_Sloves,14
chonker200,14
Born-Promotion-5977,14
hrshelley,14
rolsskk,14
ounurrs,14
Thalesian,14
randymcatee,14
halla_me,14
Tesseract257,14
Bing-o,14
Biglychew7,14
thesmartfool,14
sabbathehn,14
Icommandyou,14
Paracortex,14
clampie,14
wires_dont_talk,14
chowderbrain3000,14
shut_clearance,14
code_archeologist,14
DavidofSasun,14
OkVermicelli2557,14
dukebop,14
CompletePen8,14
terminalxposure,14
Prunestand,14
Repulsive-Maybe1188,14
framed1234,14
king_bardock,14
Pretty_Story,14
blckhl,14
kindnesscostszero,14
Terrible_turtle_,14
literalrobot,14
apocolypse101,14
Bduke22,14
-oshino_shinobu-,14
thongs_are_footwear,14
Chris22044,14
definitelynotabotact,14
SweetLoLa,14
prailock,14
nxthompson_tny,14
antanith,14
Klaasie765,14
lorettadion,14
Western_Tie4716,14
battle1776,14
sign_up_in_second,14
Kingmaker168,14
Aaditya_Sagar,14
mracidglee,14
redditor01020,14
Webs101,14
OneIdioticOne,14
m1h3r,14
RaffyGiraffy,14
ictericiajs,14
LuxCoelho,14
SuchTumbleweed1616,14
PawanYr,14
togrias,14
Weary_Strawberry2679,14
_thewildwest,14
gtu160,14
0x4224,14
Emtaggie,14
AKI499,14
AlphaMonkey88,14
beraleh,14
pandas795,13
TheMarathiDude,13
krazykid933,13
drbowtie35,13
lescrivens,13
SeantheProGamer,13
KnowerOfUnknowable,13
ExileInCle19,13
2-tree,13
notifyoulikefish,13
TintedApostle,13
fluffykintail,13
hopeless_queen,13
GNashUchiha,13
stikkit2em,13
CubistMUC,13
TheNerdyAnarchist,13
peteysweetusername,13
semanthax,13
JonJardineDR,13
motayba,13
tearsaresweat,13
StickAFork,13
GroomerWatch,13
scuczu,13
Seek_Adventure,13
EcstaticConstant2,13
GrandBed,13
tuesdaycocktail,13
irkli,13
linkx13,13
Papintukas,13
Agreeable-Rooster-37,13
phil2k16,13
XonicGamer,13
Mnudge,13
Impressive-Name5129,13
Jump_Yossarian_,13
HaudNomen,13
fig3newton,13
ZookeepergameWaste94,13
grungegoth,13
FantasticBlock420,13
prorata1,13
nippyintruder5270,13
goforth1457,13
That_Teach_9224,13
Brady721,13
simpin_aint_e_z,13
tobiascuypers,13
AnotherAccount4This,13
OnThe45th,13
MayorFasi,13
CentralParkDuck,13
SevenKiller,13
tegularian,13
Abortionofrights,13
Musichead2468,13
proudcanadianeh,13
PeskySloth,13
D_Lockwood,13
andyyyyyyyt,13
InTooDeep024,13
yonkon,13
ThePeasantKingM,13
carsonbiz,13
CuJObroni,13
atomicxblue,13
AvogadrosMoleSauce,13
genericdude999,13
dranowg,13
phrexleysnipes,13
Hoosier_made,13
TheSkewsMe,13
mrcanard,13
techT2,13
boxxkicker,13
FarrandChimney,13
kampalli_bala_reddy,13
RageoftheMonkey,13
pomod,13
skyline385,13
geuis,13
kyaw75,13
poggers_champion69,13
LocalChamp,13
DBeumont,13
pete245,13
Leraldoe,13
Kashif60508,13
Ghostcardinal,13
flossingjonah,13
Diagoras_1,13
NACL_Soldier,13
Richard17new-Gen,13
nysom1227,13
tonysWeightloss,13
buy_low-sell_high,13
Blue_Three,13
DivienBottom,13
DyosTV,13
karaps,13
robertovertical,13
Least_Status9,13
EagleFly_5,13
dianaomladic,13
usualdiaphragm,12
ladytwiga,12
umberto_pagano,12
CCR_ANIMALS,12
DrinkMoreCodeMore,12
RandomAccount_OU812,12
GhoullyX,12
SKYLINEBOY2002UK,12
theatlantic,12
MoMedic9019,12
Realistic-Plant3957,12
99Wolves,12
MySecretAccount1684,12
visheeswahz,12
kiedtl,12
superanth,12
HockeyBalboa,12
ethnicbonsai,12
onlinesafe,12
SernyRanders,12
nhatthongg,12
pestikornel1,12
eloc357,12
Over_Assistance9631,12
coasterghost,12
JoeByeDon,12
mr_epicguy,12
Antique-Confection37,12
10millionX,12
biwook,12
Yousoggyyojimbo,12
Exotic_Secretary_842,12
clib,12
nazrad,12
Jaklcide,12
DegnarOskold,12
Caedus,12
FireBolt_IV,12
edu013,12
M5WRA3NJUCBT97O9,12
buyIdris666,12
useyourownjudgement,12
citizensforethics,12
eager_to_hear,12
Headdhar,12
HopelessPope,12
theablazefeces,12
No-Distribution4599,12
wbrodyjr,12
Isentrope,12
mpiccorossi,12
NitinJadhav,12
drak0bsidian,12
jonyofromla,12
JulesVelour,12
CRimson9943,12
Mandus_Therion,12
FriedScrapple,12
Forward_Tackle_9212,12
Tjonke,12
cgay123005,12
hugomcjohnson,12
Sebekiz,12
RexSecundus,12
kanooker,12
quamee,12
crispy_attic,12
Miss-Figgy,12
Man_in_the_uk,12
ExtonGuy,12
tothemax44,12
BigOlPirate,12
Adventure_Titans,12
MakeYourMark98,12
cooter__1,12
DaDerpyDude,12
ThatResearcher8720,12
pivovy,12
WartOnTrevor,12
beligerentMagpie,12
Doczera,12
habibur83,12
SakibSadi96,12
unlikelyoutcomes,12
UntouchedAB,12
DrCalFun,12
Mekilekon,12
ilikesaucy,12
Jewish__Landlord,12
The_Librarian_NULL,12
tambaower,12
gaporkbbq,12
JPJRANGER,12
livestrong10,12
The_Possessor,12
ar92ldm,12
WREGnewschannel3,12
aprettyp,12
Draker-X,12
d1ngal1ng,12
jayfeather31,12
trevor25,12
Eastcoastpal,12
the-dasdardly-puppet,12
patricksmith84,12
Softcore_Sundae,12
chewymacaron,12
Above-and_below,12
ttmirimo,12
NihilisticSin,12
rapmasterlap,12
flacao9,12
reptilefood,12
wwabc,12
isthataskull,12
cbsson,12
Lawdie123,12
Taomach,12
showmethefunny,12
RektorRicks,12
AshIsGroovy,12
user_4_user,12
macTumi,12
Boyka-a,12
GoBlueFlorida,12
metaldrummerx,11
spicyyokuko,11
SaareenSVK,11
blargle125,11
AntiBaghdadi,11
StuartGT,11
JMaboard,11
60dB,11
RedErin,11
FaustestSobeck,11
jecht8,11
rck_t55,11
dawglass,11
reachmejar,11
esotericmegillah,11
FlakyLadder,11
frenchpuppy3,11
---Tsing__Tao---,11
OkraMonk,11
unknown_name,11
bakedmussles,11
TexasBogart,11
Nuwach,11
The_Jizzbot,11
KCPanther,11
lililililiililililil,11
xj4me,11
Conkyseviltwin,11
Joealb123,11
Midwestern_Ranch,11
GZAofTheMidwest,11
mooseknuckle6529,11
redemption_time,11
n8saces,11
-Johnny-,11
buzzship,11
kantoblight,11
Mean-Juggernaut1560,11
Cpt_Folktron,11
MistWeaver80,11
BitchyPolice,11
Master_Effective_206,11
CatsTrustNoOne,11
J11ghtman,11
kanzac,11
rs36897,11
MrC99,11
TowelCarryingTourist,11
beeemkcl,11
Silent_Sun1627,11
jteedubs,11
That_GareBear,11
Acewrap,11
drf_101,11
vaparetia,11
hitman2218,11
FactsMatter19,11
Kneeyul,11
Enigma2MeVideos,11
Hopeful_Confidence_5,11
TheDistrict15,11
roboticArrow,11
No-Assumption4265,11
jujubean67,11
Gygax_the_Goat,11
Lotus_T_Firefly,11
JimCripe,11
Mercur0us,11
ProfessionalGoose726,11
NanoPope,11
SauceGayisback,11
surlyq,11
NewMeNewWorld,11
Pair_ofDocks,11
letschangethename,11
Andrzej1963,11
Janiththa,11
PawsibleCrazyCatLady,11
shima7,11
Bahloh,11
Genevieves_bitch,11
Jester41K,11
Any_Coyote6662,11
oceanmutt,11
flimspringfield,11
Gamyavoid,11
vitaminz1990,11
Frank_Jesus,11
dazedjosh,11
say_no_to_camel_case,11
Kronzypantz,11
Webster_Check,11
yieldinghappiness0,11
ImAnIdeaMan,11
Cultural_Ad_1693,11
thoughtstheseus,11
cnbc_official,11
Nutellism,11
UrbanAbsconder,11
Difficult-Shift5841,11
Zen1,11
Doctor-Strangedick,11
ProcrastinatingPuma,11
Ldsone071,11
Steamboated-,11
kaneda74,11
Reg_Cliff,11
KingSash,11
ponieslovekittens,11
Biittersteel,11
tonystark254,11
EbolaaPancakes,11
sorryDontUnderstand,11
amnesiac7,11
MrG,11
MrSergioMendoza,11
licecrispies,11
Diabl21693,11
CrankLeaf,11
Foreign-Dingo-5579,11
noBananas,11
tunnelvine,11
personman,11
darkchalice,11
ArnaudAubron,11
Knightro829,11
pass_the_hot_sauce,11
systemhost,11
KRONOS_415,11
overcomebyfumes,11
SickleYiff,11
macaronianddeath,11
joystickfantastic,11
Fendabenda38,11
AldoTheeApache,11
Ferkrako,11
OpportunityFlorida,11
NotYourSnowBunny,11
The_Novelty-Account,11
WexfordHo,11
spitshoot,11
CobraPony67,11
Textification,11
msv56,11
grist,11
aureanator,11
cornmonger_,11
joker_wcy,11
Apothecary_64,11
fungussa,11
MakingTheFunin40s,11
AkitaBijin,11
Meatwad650,11
StealthyStalkerPanda,11
Rpatrick20,11
PrestoVivace,11
PianoMittens,10
westondeboer,10
reftheloop,10
Sybil_et_al,10
DukeOfGeek,10
LovesTheBussy,10
raven080068,10
unbearablyprecious,10
Dr_Beatdown,10
LawrenceOnKeyboard,10
Matt3989,10
No_Cow1,10
sikani23,10
brezhnervous,10
Immediate_College188,10
Haltopen,10
ShereKhann,10
BaltyHawk,10
thinksomethingclever,10
Scubalefty,10
jlew24asu,10
ya_but_,10
49orth,10
jmoincali,10
Jescro,10
PatrolX,10
Callabrantus,10
Puzzleheaded_Form419,10
Arviericp,10
GarlicCornflakes,10
adeel634800,10
souly97,10
Rando1ph,10
adamiconography,10
PankoKing,10
Royal-Noble-96,10
PM_ME_KITTYNIPPLES,10
NovaThinksBadly,10
LeanTangerine,10
ndgoldandblue,10
peterabbit456,10
Development-Alive,10
bladiebladiebla,10
Extreme_Qwerty,10
Un111KnoWn,10
opensecrets_dc,10
Jagzorin,10
Bos4271,10
NineteenSixtySix,10
originalmetaverse,10
BlackViperMWG,10
MiniHurps,10
chirruphowlinkeeaahh,10
prehistoric_knight,10
Dry_Examination2894,10
Sip_py,10
Hierofantus,10
AnimeAlt44,10
adherentoftherepeted,10
SnooFoxes8902,10
115penguin,10
msiekkinen,10
Some_Jake,10
calloy,10
cloud9surfing,10
livingfortheliquid,10
Financial_Lime_252,10
ponyhidden,10
jimrdg,10
yourdonefor_wt,10
never_happy_geek,10
TheCopyPasteLife,10
comradekeyboard,10
Chk232,10
Mr_NoBot,10
cryoK,10
NeilPoonHandler,10
mud_tug,10
dy74n,10
WormsblinkSG,10
littlevcu,10
24identity,10
4blockhead,10
elister,10
Teera_matt_1991,10
azufrw,10
tldr_habit,10
BuffaloKiller937,10
AstronautWombat,10
braize6,10
Va3Victis,10
sai361,10
DavidUpInHere,10
rednap_howell,10
AboveAlert,10
Witcher587,10
HonestSummer,10
swansonben,10
caesar____augustus,10
ShadoWalker3065,10
LeonOkada9,10
nanoatzin,10
singmetodeath,10
pinktacobuffet,10
FiglerGelix,10
Frogiie,10
ResistRacism,10
psychoCMYK,10
yash13,10
TheGoodKindOfPurple,10
SusiCapezzolo,10
AugustusVermillion,10
five_hammers_hamming,10
Mrs__Noodle,10
kichu200211,10
illiter-it,10
ozzymandias26,10
imnotmarvin,10
2PLooM,10
totallywhatever,10
BountyHunterSAx,10
oxjox,10
stargazer9504,10
EmBejarano,10
StoneLegionYT,10
Neitzi,10
mng8ng,10
wholewheatbreadhead,10
Skavau,10
-wnr-,10
Accomplished-Pear688,10
Black_RL,10
tomhagen,10
Tacklos,10
tabby_trekker,10
bbportali,10
IRC_,10
skywalker3819r,10
bartholomeo_azul,10
-burro-,10
nur954,10
super_common_name,10
jarchack,10
RussianBot00961,10
StraightOuttaLV426,10
Razariousnefarian,10
taste_fart,10
princessarielle6,10
GenXUser,10
dyingchildren,10
freshjiive,10
TheDailyReporter,10
socks_optional,10
Campcruzo,10
nefertiti_and_me,10
Mac800,10
bambin0,10
Intelligent-Block-29,10
HinaKawaSan,10
ScenicFlyer41,10
Dyslexic342,10
ultimateHelmetHead,10
ravenflavin77,10
BornInTheUSSA,10
Ursomonie,10
Schwa142,10
Ullaspn_2003,10
matteoscavo,10
crabussy,10
Albion_Tourgee,10
SJPNYC,10
mancinedinburgh,10
zenitsu10000,10
0wed12,10
PuzKarapuz,10
WindRacer_,10
PauseNo2418,10
AggregatedAggrevate,10
Timeiro,10
n3v3r_3n0u9h,10
georgefanton,10
KinkyBADom,10
GulKhan3124,10
eappendix,10
Ema_non,10
breathex2,10
thinkofanamefast,10
sanchitwadehra,10
MetasploitReddit,10
Rosa_nera0,10
champdo,10
kitobich,10
ThreeHolePunch,10
trollingguru,10
Jocogui,10
Confident_Bison_7375,10
watashi_baka92,10
Caster-Hammer,10
wildcardyeehaw,10
LaithA,10
screwdriverebimboca,10
Emmanuel_Zorg,10
mdtarekmonower,9
Devils1993,9
Lscrattish,9
Radi0ActivSquid,9
nacorom,9
Glad_Living3908,9
Medz1986,9
MeBrudder,9
_Silver_Engineer_,9
AkaashMaharaj,9
MisallocatedRacism,9
frez13,9
notveryoften-,9
CrafterOfHumans,9
Grant_EB,9
PM_ME_WITTY_USERNAME,9
johnny_utah16,9
No-Quarter6015,9
NotACapedCrusader1,9
barbosa800,9
IHaveGas11,9
Where0Meets15,9
megamumma21,9
Normipoikkeus,9
zellfire,9
Sunshinehaiku,9
veterinarysite,9
Luka_Skywalker,9
Interesting_Award_86,9
thegroundhogjar,9
Unclebigfoote,9
tbowyer,9
Total_Customer_6627,9
PATM0N,9
AllegedSquid,9
Slacker256,9
thewayupisdown,9
boujee-bob,9
berzemus,9
tiempo90,9
buckeyerunner1,9
TimeTravelMishap,9
1_2_dream,9
GabrielBFranco,9
No-Relief1158,9
chronoistriggered,9
DredZedPrime,9
DrDoombot23,9
combustioncat,9
passionsnet,9
DragonWarrior564,9
universalTrue1,9
jphamlore,9
nachoha,9
Baptized_Bison,9
U5K0,9
Phitider,9
Thetoppassenger,9
Puzzleworth,9
grtk_brandon,9
Aimee_Challenor_VEVO,9
Isocratia,9
Narcissistic-Kal,9
Shevek99,9
Starks,9
PawnStreetBlues,9
eeisner,9
strawberryshortycake,9
driaanb,9
NotUrDadiBlameUrMoma,9
Scuba_BK,9
coltonkemp,9
Kaioshinsama7,9
butteredorb,9
molobodd,9
westernmail,9
Attrition,9
MickeyMouseRapedMe,9
AedionMorris,9
DeepMess9,9
dwillun,9
rusPirot,9
eah2002,9
insanelyphat,9
Imawildedible,9
Travis_Miller,9
aml000,9
Coolyooo,9
FANTASY210,9
SacmanJones29,9
Paver,9
Bustalacklusta,9
TwoEyedWilly,9
hitchenwatch,9
Bourbonaddicted,9
mister29,9
Marsureend69,9
Panaka,9
MonaLisaOverdrivee,9
BiggsIDarklighter,9
DinnerJoke,9
cacarca,9
yo-dude-,9
Samrao94,9
Dooby-Dooby-Doo,9
Ok_Pie_158,9
NeverEndingDClock,9
bjohn876,9
TerrySharpHY,9
heavenhimalayatrek,9
Frevious,9
GuiltySigurdsson,9
Sendingmyregards,9
gh959489,9
Slomotion321,9
shaftoolak,9
Surax,9
salamdl,9
Hamsternoir,9
bangthetank,9
SANS_CRICKET,9
Barely_Barley,9
cannonfunk,9
0zymandeus,9
grassrootbeer,9
KolmogorovSmirnoff,9
mfc90125,9
onyxcl,9
FeydSeswatha982,9
app4that,9
Shrike79,9
smegma_yogurt,9
UnusualPuppilium,9
AdGroundbreaking1870,9
-GregTheGreat-,9
Chi-Guy86,9
Maxwellsdemon17,9
InfamousLeopard383,8
I_lie_on_reddit_alot,8
wyldcat,8
ShoestringTherapy,8
kbuis,8
srviking,8
AlxIp,8
bfinga,8
KTnash,8
Jessicas_skirt,8
PhAnToM444,8
Dependent_Yesterday9,8
mystic_spiral_,8
lilmammamia,8
DanielleA250122,8
dudesBangMyMom,8
ALife2008,8
Sentient_Puddle,8
Starbuckz8,8
Such_Cod_5314,8
Sensate60,8
Happy_Collector,8
furiousgeorge54,8
bobby3eb,8
StevetheEveryman,8
ScoobyD00BIEdoo,8
Treann1,8
MariaMemeMaker,8
TwitchDebate,8
sankscan,8
timmy6169,8
keyjan,8
albhed,8
Cabiluda,8
Poker1st,8
j_ma_la,8
longhegrindilemna,8
floatjoy,8
spook30,8
BertTKitten,8
alumidi,8
fataluk,8
Cold_Sport_6233,8
Final-Dress7633,8
flamboyant-dipshit,8
Albert_Wesker_2022,8
flexwhine,8
trumpluvsputin,8
TonhoStark,8
just_an__inchident,8
mbmba,8
Ok_bro_1,8
Mr-Monroe,8
t4ct1c4l_j0k3r,8
Glc12345,8
bright_shiny_objects,8
xCeladon,8
SounderBruce,8
dandeliion___,8
Repulsive_Pirate4101,8
OllieTheJedi,8
a_lahiomer,8
giantyetifeet,8
JM2845,8
blitz9999,8
cedderick,8
IslandChillin,8
EvilioMTE,8
vpat48,8
pash5050,8
joyfullypresent,8
zuzubear,8
WinterPlanet,8
382_27600,8
Philocazoab,8
kuba85,8
Lost_in_Nebraska402,8
Jaamac2025,8
cikmo,8
PureAcanthisitta8434,8
cdnkevin,8
Hereiam_AKL,8
daytripper328,8
Octavus,8
greenbluetomorrow,8
The_Amazing_Kreskin,8
HipAnonymous91,8
Ducati_Don,8
ForHidingSquirrels,8
expanse95,8
anhmiuhv,8
escpoir,8
Zenhx,8
muircertach,8
CharlieXBravo,8
HazyLily,8
pantherwhitecat,8
WestEst101,8
BabyYodaX,8
chillinwithmypizza,8
Negate79,8
Macman521,8
Muchiecake,8
Mr_Tyzik,8
easywaycentre,8
Pluto-NO,8
Intelligent_Store0,8
osufan765,8
surpriseoctopus,8
Riz_Bo_Restore,8
veqryn_,8
mattwundermusic,8
gaukonigshofen,8
Zucc_Boi_,8
JMC-Talkie-Toaster,8
UnCFO,8
btg7471,8
NewsHour,8
AnnoymousName,8
cram213,8
MedinainMiami,8
durrrr___,8
BreAKersc2,8
t3rps,8
Vergo27,8
SurfinPirate,8
whnthynvr,8
itsRamune,8
Lolwutgeneration,8
neotheseventh,8
semper_perplicatus,8
808gecko808,8
WilHunting,8
Nbx13,8
VonDrakken,8
sjkeegs,8
BullishMD,8
treditor13,8
nogiblets,8
OffensiveDefender,8
dcoolidge,8
weewoo_3299,8
Financial-Chemical-7,8
MattHuntDaug,8
Blueplate1958,8
T1mac,8
theoldgreenwalrus,8
Morning_Throbber,8
SaidTheCanadian,8
flyriver,8
RatBrainedManAnimal,8
RandomMemer_42069,8
ModeratelyConcerned2,8
nebri11,8
Hotsoccerman,8
simplelifestyle,8
thisdodobird,8
FlipflopsAreNotShoes,8
memberer,8
Party-Contract-4002,8
karmaster,8
CBSmith17,8
_skank_hunt42,7
JayR_97,7
filmAF,7
Back4smith,7
tickleMyBigPoop,7
23ua,7
MORGBORG_on_YT,7
GraffitiTavern,7
Strange-Coffee-5481,7
Brianlife,7
R3dOctober,7
1346718,7
sasko12,7
Muffinbuthebest,7
sugardiemen,7
Weird-City2353,7
once_again_asking,7
Thclemensen,7
elindalyne,7
tiny_trees33,7
Bottle_Lobotomy,7
TheBoldNorthern,7
i-have-a-kuato,7
Frougnasse,7
lemon_bottle,7
marshall_project,7
tburns1469,7
gwmiles,7
0ruiner0,7
Beanybunny,7
nrron,7
Putin_blows_goats,7
alfdud,7
Codeman-crazy,7
lurkity_mclurkington,7
Njdevils11,7
LucyRiversinker,7
PrestigeCitywide,7
WittyName4U,7
insomnimax_99,7
SAT0725,7
RZCJ2002,7
younas76872,7
Deadmau007,7
RuminatorNZ,7
teamworldunity,7
jeniferangle24,7
ReliefJunior7787,7
n3w4cc01_1nt,7
Piscator629,7
tablecontrol,7
number61971,7
impossiblePie287,7
Ecoste,7
evdog_music,7
Abeo_de_Villepin,7
Neondelivery,7
nick313,7
mackmoney3000,7
paulydavis,7
ThatBraveOne,7
Always__curious__,7
psychic_flatulence,7
WouldbeWanderer,7
Falls_stuff,7
le75,7
driedcitrusflower,7
Paperloader,7
rascally1980,7
Canadaaayum,7
fuzzypencilcase,7
Seraphynas,7
Hanry2121,7
kmfstudios,7
IaryBreko,7
CaptainRelevant,7
kenmox,7
Snarl_Marx,7
Conscious_Court1,7
Lurlex,7
ClearEmployment9,7
Cagey898,7
Apart-Cicada,7
xl_lunatic,7
PEVEI,7
Electricbell20,7
parandroidfinn,7
StanleysGhost,7
Kaiser_Allen,7
blademan9999,7
_Plork_,7
Sim41,7
jt_ftc_8942,7
WearyThanks,7
Pogayed,7
Mister_Hangman,7
epicfire67,7
sea_shack,7
OrigamiKitties,7
PAO_RT_IN_THE_KISSER,7
NewPalDragons,7
Cat_Of_Culture,7
AsuraNiche93,7
Zerole00,7
Phallic_Entity,7
IDontWantToBeAPi,7
Sure-Ad7730,7
too_broke_to_quit,7
vulturous_vulva,7
Gaslov,7
khazardous,7
WebContent1,7
ProFoxxxx,7
Oblivion1299,7
humanforever,7
LoBeastmode,7
Cumberbound,7
CTVNEWS,7
Sweet-Zookeepergame,7
SightlineInstitute,7
UUtch,7
Shadilay_Were_Off,7
SurfaceGrinder,7
CranberryBrilliant95,7
ComGuards,7
Arabeskas,7
Yukonhijack,7
Strange_Rice,7
Ebergs94,7
Kagedeah,7
Chaz_The_Mayors_Aide,7
RevealNews,7
DougDante,7
myindependentopinion,7
fungobat,7
indianplayers,7
kelvinherethere,7
Mildebeest,7
Shawarma_Chameleon,7
danamnic,7
KarateKid917,7
newsandmore,7
NorthernStarLord,7
rminsk,7
pleonastician,7
panax1,7
YourUncleBuck,7
Raghavendra98,7
wannabe_winner21,7
oldguydrinkingbeer,7
ShaolinFantastic420,7
COMPUTER1313,7
sue_me_please,7
grimezly,7
Dont_Tell_Me_Now,7
Successful-Lynx82,7
Cold_Glass_of_Water,7
Scipio555,7
BlueIce5,7
sdlover420,7
itsmeamirax,7
Rfalcon13,7
AssociationNo6504,7
OhRThey,7
Technical_Pair_7642,7
centralnjbill,7
ToiletRollTubeGuy,6
Unleashtheducks,6
ShelfordPrefect,6
Full_West_4268,6
EriDxD,6
Baby_venomm,6
rustoren,6
NaivePhilosopher,6
sixshots_onlyfive,6
OMG__Ponies,6
GonjaNinja420,6
TheNationalParkGuid3,6
imagin4ryenemy,6
executivefunction404,6
readpanda,6
AllezCannes,6
marfaxa,6
Myhangdown1,6
happykingbilly,6
wheelson,6
ahsuna,6
stewmberto,6
shamblingman,6
webVerts,6
Apprehensive_Hair549,6
PuellaBona,6
Zer0Sum12,6
ThewizardBlundermore,6
moggysmom,6
grizzburger,6
Herodessy,6
pitchfork_latte,6
Arrest_The_President,6
dunimal,6
bugxbuster,6
I_eat_all_the_cheese,6
Sophus__,6
Technomage1,6
Rafael1918,6
Joneszey,6
throwaway1215123,6
BiG-29,6
joe--totale,6
Niyazali_Haneef,6
civVII,6
Looking4Maria,6
dravenonred,6
nerd1999,6
joe_blogg,6
Bond_99,6
basement-thug,6
Marvin_the_Minsky,6
Voltthrower69,6
singularityindenial,6
FifaConCarne,6
chets_meow,6
IphtashuFitz,6
domthedumb,6
Commercial_Wasabi_86,6
MyVideoConverter,6
DrBillyHarford,6
Healthy_Block3036,6
energetic-dad,6
Mrloler70,6
Friendly_Guyy,6
ashlynn_e,6
Katana1369,6
SnooSprouts4254,6
BluesFireDragon,6
fpce,6
PortalBreaker,6
pj-maybe,6
Ok_Magician_1194,6
PecanPizzaPie,6
tecumbera,6
catamaranmann,6
Beneficial-Credit969,6
dontdid,6
vegetarianrobots,6
maki23,6
hockey_bat_harris,6
UmpeKable,6
MushinZero,6
cjeremy,6
Evilence,6
mateowilliam,6
NoHearing1817,6
mjansrud,6
TomCos22,6
Captain_Vegetable,6
Reader5744,6
GodlessCommieScum,6
Proper_Bodybuilder_2,6
nolesfan2011,6
BlitzGears,6
Do_I_Have_A_Username,6
above56th,6
earl-j-waggedorn,6
kyndreila,6
Geno0wl,6
Not_Bill_Hicks,6
odsogv123,6
BlackberryNo1850,6
mossadnik,6
jcpainpdx,6
mh2580,6
Worried-Boot-1508,6
coskibum002,6
AgencyDelicious1933,6
jpf137,6
ta201608,6
harumamburoo,6
EdwardHolidayWriting,6
42O_24-7,6
Deculove,6
Teflon2012,6
mathismei,6
spencer1017,6
Aboveground_Plush,6
MorseKode0509,6
TIGHazard,6
ieatpissanddrinkshit,6
Slight_Farm_5582,6
ilsoke,6
keiths31,6
BenjamintheFox,6
thatoneguy889,6
eichhoernchen404,6
JMB1304,6
Odd-Finance2730,6
hethical_ecker,6
n3f3libata,6
DrSueuss,6
PaleBlueDave,6
getgoodgetlmaobox,6
allisniftyandswell,6
wean169,6
tnmoo,6
Searchlights,6
DescriptionNo5362,6
rabblebowser,6
CW1DR5H5I64A,6
Thereelgerg,6
Xanthn,6
jafarul,6
beingrudewonthelp,6
cyaneyed,6
Morethes,6
Petal_Phile,6
TequillaShotz,6
wizardid,6
YoMomsHubby,6
ArturiusMythos,6
xyzerb,6
ElysiumSprouts,6
Daddy_Macron,6
daylily,6
MathematicianSea2113,6
johnfromberkeley,6
kenmlin,6
dect60,6
Dontbow1,6
Existing-Table689,6
guitarokx,6
StepDadHulkHogan,6
ItchyPage,6
EgonEggnog,6
lazarus10101,6
mouldyrumble,6
EmilyA200,6
stupidfragment,6
ataraxia77,6
gomezer1180,6
chloed1215,6
RanLearns,6
SARaFARaGIS,6
chestervandergrift,6
Bestialman,6
crazynerd14,6
DankCatDingo,6
Mr-BananaHead,6
EaglesPDX,6
vaxick,6
JoyousCacophony,6
Chance-Geologist-833,6
successful_nothing,6
Real-Mind8220,6
paquepaquepaque,6
echomike60,6
CGB1967,6
rytis,6
blue_unicorn272,6
ttbnz,6
itwasamadnessstill,6
marlinmarlin99,6
FinancialPost,6
jt663,6
Toc_a_Somaten,6
Uncerte,6
neuralcorrelate,6
garlicshapedbutt,6
a_man_of_music,6
Seamus-Malekafzali,6
vampire2nd,6
SecretComposer,6
AwesomeBrainPowers,6
AlbaneseGummies327,6
DuvalHeart,6
Low-Possession-4491,6
imNTR,6
vegaspaul,6
Jus25co,6
CrackHeadRodeo,6
mblaze111,6
DrNick1221,6
Simmkur,6
rj4001,6
codealtecdown,6
AstroCookieGalaxy,6
UrbanKC,6
Sidjoneya,6
No_Low1167,6
BobSapp,6
IsitWHILEiPEE,6
The_notorious_F_A_T,6
NyetABot,6
VikXMR,6
bodega_bladerunner,6
Peysh,6
CerebralTiger,6
mo_leahq,6
TheJadedSF,6
KYSecofState,6
GenghisKhanWayne,6
G_Howie_Phartz,6
avantgardengnome,6
IAmJohnny5ive,6
OrlandoJames,6
assuser,6
GandgreyTheElf,6
Miss_My_Travel,6
Jessrondicus,6
Mageminers,6
errie_tholluxe,6
LuvYouLongTimeAgo,6
given2fly_,6
DudeWithAnAxeToGrind,6
GaiusJuliusPleaser,6
Wildlyeco,6
NamareNA,6
BrokenInternets,6
Southern_Tension9448,6
abracadabra1319,6
positive_X,6
okadn1,6
Scherbler,6
ArmlessGeodude,6
Trail-Dust,6
kmtiger1,6
tripel7,6
politicsfuckingsucks,6
BallonDfloor,6
minorboozer,6
Heretostay59,6
mullermx,6
speak2easy,6
McFestus,6
vermontyplier,6
SurenP,6
Acceptable_Result192,6
pagnoodle,6
VegemiteSucks,6
hesojam0,6
SlipperySucker7170,6
crackdup,6
elguiridelocho,6
WhatsAspergers,6
rampulk,6
Sensitive-Passion981,6
ygzk1527,6
Rwebberc,5
0x14f,5
ParkAndDork,5
wewhomustnotbenamed,5
deanmoth,5
Head_Shot_dp,5
Ligamentactor,5
Theinternationalist,5
Zee2A,5
sirjimithy,5
CharismaEnigmaArt,5
CanadaNewsWire,5
Vodka_Master,5
ranakermit,5
Appropriate-Dog6645,5
Synap6,5
Bubba_sadie-,5
h3rr_trigger,5
namastayhom33,5
qoqmarley,5
nicko_rico,5
KegOfAppleJuice,5
onerousqueef,5
Grasspunch,5
UniqueSuggestion3,5
kittycat901,5
General-Pea2016,5
kkrzvc,5
kerpowie,5
lettawyrda,5
Lonewolf982,5
Additional-Force-795,5
cxr303,5
Less-Astronaut-8904,5
dr_kasi,5
Lotus532,5
FeliceHargrove,5
azimuth360,5
vadavole,5
lebohemienne,5
RoaringTimes,5
TransFattyAcid,5
Fitness_and_Finance,5
anarchisto,5
gertrudejlaw,5
xpxf69,5
cualcrees,5
6PieceNuggerMeal,5
KerkiForza,5
6666James66,5
Sultanified,5
LifeIsNotFairOof,5
werdmouf,5
khein11,5
wobisstdu,5
vxqkfs,5
ShadowController,5
yesmaybeyes,5
ajwadhumayon12,5
Kermit289,5
vanessagvee,5
Dygtig1,5
asiainvestor,5
Twisted_Chaos,5
princeps_harenae,5
Thatoneguyonreddit28,5
KyloRenSucks,5
Tall_Fix9575,5
zek_997,5
EskimoeJoeYeeHaw,5
Dalecn,5
rmd0852,5
Encompassing_Void,5
sapiton,5
radish_recoup,5
TheBigDuo1,5
aceutosh,5
nebbio,5
dartie,5
BigNum6ers,5
notwritingasusual,5
Burninator6502,5
Semi-Crazed,5
Melpen610,5
Broonyin,5
3200yy,5
stefnani,5
disregardlosers,5
Independent-Fan-6501,5
Zoomer_Boomer2003,5
earthymalt,5
jonyprepperisrael,5
Some-Waltz6212,5
kaleidist,5
trollsmurf,5
Machok_,5
DemoticDamselfly,5
FenwayFranks,5
rossgoldie,5
TacmedRN4,5
Esp1erre,5
Dr_Midnight,5
zninjamonkey,5
jimbosdayoff,5
BellaFace,5
skiingbeing,5
beanthebean,5
SHOWMEYOURBUSHGIRL,5
iop9,5
Repulsive_Size_849,5
BiglKahuna,5
MyPasswordIsMyCat,5
bangorbunyan,5
Quietabandon,5
autrerum,5
AmHoomon,5
kischde93,5
justinknechtel,5
PeterDTown,5
Mackin-N-Cheese,5
Pastabakeforlife,5
TinaToner311,5
joncash,5
Damianshair,5
sweetcaroline88,5
niratomi,5
IamSauerKraut,5
Pulmonic,5
POCTM,5
abbiebe89,5
Fuhdawin,5
sparklefish64,5
ChicagoPopular,5
Eternal-Glory,5
Low_Initiative702,5
improvedaily07,5
not-a_fed,5
5DollarHitJob,5
OftenCavalier,5
Anon-fickleflake,5
MinnieCookieMonster,5
ohvg,5
Icy-Donkey-9036,5
arbitraryairship,5
zxNemz,5
theOGgreg,5
RefrigeratorNice3151,5
Zapermastic,5
smartello,5
Apprehensive-Car5684,5
Rhoderick,5
chemistrynerd1994,5
cfdstraded,5
Glittering-Path3051,5
nick40vmi,5
The_JF-JEFF,5
Apart_Shock,5
AlphaFireIce,5
Jarisatis,5
Abscess2,5
Get97dir,5
Buuullywood,5
Icy-Engineering1583,5
Fluffy_Morning_1569,5
MehmetPasha1453,5
JGGruber,5
ekramul6,5
CurlyBirch,5
AltNationReality,5
groovychick,5
Kookaburrrra,5
Frozenthia,5
Adman324,5
r_levan,5
Gratefulzah,5
ImaginaryRoads,5
SG_wormsblink,5
RealUncleBuck,5
joremero,5
Priamosish,5
Adorable-Balance5059,5
Open-Collar,5
uzaira6789,5
kuddlybuddly,5
Decent-Ordinary-4047,5
skyisblue22,5
Pale-Dot-3868,5
vjb_reddit_scrap,5
QuMaeve,5
jameslfc1_0,5
torontoacorn,5
pinkcheems,5
firstmoonbunny,5
FairchildRedux,5
hamer1234,5
Straight_Rate_6473,5
zefiax,5
semshiv,5
ihrvatska,5
northernmonk,5
OOBExperience,5
koi-lotus-water-pond,5
michaelh115,5
MathematicianDry6088,5
EdgarAlley,5
JSALMemes,5
RoninRobot,5
CrotalusHorridus,5
Guilty_Commission_79,5
Cryptolanad,5
RL_Fl0p,5
max-venum,5
GreyVessel,5
JakeYashen,5
HunterThompsonMusic,5
kategrant4,5
PaulDelesalle,5
WaylonandWillie,5
GreenBottom18,5
Miserable_Roll498,5
jurble,5
ser1k,5
bluecurse60,5
GhostlyRuse,5
Aldarund,5
dromni,5
AnnabananaIL,5
driedpoop33,5
InfoBot2000,5
Bamb00Pill0w,5
bawbness,5
XaltotunTheUndead,5
Discussion_Salt,5
Emila_Just,5
thunderouspotassium1,5
supes1,5
Roche7000,5
h3re4thegangb4ng,5
Whut4,5
Cannondale_Fanboy,5
on4word,5
boundfortrees,5
1984isamanual,5
Investor9872,5
whenimmadrinkin,5
SummonerMiku75,5
johnnychan81,5
CatDadMilhouse,5
asminaut,5
TechSalesSoCal,5
yhwhx,5
stayonthecloud,5
baskaat,5
CornGun,5
Actually-Gay-NBA-Fan,5
cwood1973,5
antihostile,5
schadenfreudender,5
Lifeabroad86,5
Watchdogs66,5
Impossible-Tadpole65,5
dosmey,5
Important_Truck_5362,5
realbejita,5
berberine,5
Darth__Monday,5
flabbywoofwoof,5
jakesonwu,5
xinbao,5
TrashAtPolitics,5
solishu4,5
speakhyroglyphically,5
Edis1960,5
trashypoodle,5
Domewrite,5
SergeR1991,5
Jeremy-Fisher,5
InternationalForm3,5
Tripwir62,5
DutchApplePie75,5
Limp-Sherbet4338,5
Van-Daley-Industries,5
YouStupidDick,5
dragonking4444,5
ickydonkeytoothbrush,5
esberat,5
jk_arundel,5
simonjp,5
spyder728,5
Giants4Truth,5
Robey-Wan_Kenobi,5
ILOVESHITTINGMYPANTS,5
bishpa,5
onethreeone,5
VapeGreat,5
Anchor_Aways,5
obamarama,5
irish_girl90,5
CranberrySchnapps,5
HGpennypacker,5
Avenger772,5
Sleep-system,5
ProbablyPewping,5
fixedfoehn,5
Such-Combination5046,5
rodriguez344,5
MadisonU,5
BoltgunOnHisHip,5
TheNihilist911,5
Adodie,5
any-mystic,5
megapaw,5
Wojomaster768,5
seeasea,5
IgnoreMe304,5
hhh888hhhh,5
GlobalTravelR,5
BlackWoodHarambe,5
RemLazar911,5
weegyweegy,5
Svolacius,5
Khavi,5
cruiseshipsghg,5
ChewiesTwin,5
moosesrus,5
woodenboatguy,5
Young_Lochinvar,5
PlusCardiologist1799,5
tycooperaow,5
alxsvstn,5
AdventurousScientist,5
DrEgonSpenglerphd,5
DayOldTurkeySandwich,5
MisterMovie50,5
erkabettycarlos,5
OnARoadLessTaken,5
MPA_Dad,5
Lazy_boa,5
GuttiG,5
maxmatt4,5
podkayne3000,5
Eviljim1,5
reklameboks,5
zoeygirl69,5
CapybaraAndFish,5
Dangerous_Mobile9188,5
Vailhem,5
POLICE__NAVIDAD,5
jimfoley,5
kittenpantzen,5
debugMyBrain,5
Gboteos,5
tazebot,5
sunflowerastronaut,5
FenixWater75,5
musickfreak,5
bigcatlife4real,5
jmanndc,5
tjdavids,5
kryptic619,5
Sadpandasss,5
ilcasdy,5
Recanorwel,5
dammand32,5
Recent_Record,5
redbaran45,5
PoutineMeInCoach,5
UTrider,5
girlindc1989,5
Puzzled-Bathroom8116,5
BGI-YYZ,5
Rahul-Yadav91,5
CPJ_PressFreedom,5
sylparvej,5
sikeston,5
BannertheAqua,5
ApolloX-2,5
Sascha182,5
Tottenham-Hotspursss,5
jsalsman,5
DemyanBedny,5
TheZarkingPhoton,5
coolprogressive,5
FUSe,5
RaspingYeti,5
Hysterican,5
venatoraudacia,5
meldiane81,5
goldbman,5
ImaFreemason,5
Bobtonews2,4
jennakiller,4
chasetherabbi,4
FlingingGoronGonads,4
TriscuitCracker,4
royalblue1982,4
oliandyfrv,4
BeatrixKiddo000,4
PolkaDotTurtle,4
Tayo826,4
death_bypeanutbutter,4
NeuroCartographer,4
Winds_Howling2,4
VascoDaManga,4
Benjji22212,4
Turbulent_Friend1551,4
CreaseFire,4
That49er,4
bell37,4
newsspotter,4
Dimithius,4
dodsu,4
bbbb,4
Bobojoshua,4
Czarben,4
arotrios,4
InternationalTop2405,4
H0lyW4ter,4
akCN11qaa,4
woolypully,4
Blazer9001,4
Tipppptoe,4
miaminaples,4
eleanor_james,4
cheechssoup,4
WealthierBowl,4
2wedfgdfgfgfg,4
wander9077,4
BrainUseful,4
IAmABreakfastTaco,4
panonarian,4
Adventurous-Bid-7914,4
SnooDoggos8540,4
mnorthwood13,4
ConsistentSlide8954,4
jormungandrsjig,4
maximpactgames,4
Toybasher,4
pandakekok9,4
backpackwayne,4
AbjectEra,4
foyeldagain,4
JanFromEarth,4
jimbowild,4
SecularMisanthropist,4
anotherperson0805,4
BeebleBoxn,4
ferrusmannusbannus,4
Seanyceguy,4
taike0886,4
ObiNineKenobi,4
portlandobserver,4
Happy-Importance1781,4
AThriceDippedChip,4
dashrendar,4
SapphicVampire93,4
EmpireTV2013,4
ikonik7,4
burningphoenix1034,4
willflameboy,4
probably_a_bastard,4
ZainTheOne,4
Jamminmb,4
Rudy_Colludiani,4
Havvocck2,4
InstanceNext833,4
uhungma,4
butmuhfreedoms,4
bigtrunkydarnold,4
SeeYouBelly,4
strawberries6,4
hatefulONYX,4
openetguy,4
Truthirdare,4
InterestingMinute270,4
MadmanKThree,4
swaggman75,4
cwhmoney555,4
robywar,4
kettlebellthrow21,4
WalkingOnSunshine_,4
ultralightdude,4
Clower1949,4
MissionConfident3235,4
JocelynCFrye,4
Interrete,4
huskies4life,4
SilenceoftheSamz,4
AnAutisticGuy,4
goldchevyck95,4
eccsoheccsseven,4
Stag328,4
TheBasilFawlty,4
Ecstatic-Pear7963,4
TheRock_0001,4
ricecake_nicecake,4
BrightEconomics,4
Callmeoneofakind,4
inagartenofeden,4
SpoderMeat,4
BigFang,4
MayorCharlesCoulon,4
BazTheBaptist,4
lapapinton,4
Menegra,4
Substantial_Camera_8,4
xerexes1,4
mention,4
theworkeragency,4
kuedhel,4
TreeRol,4
jbush52,4
nanami-773,4
OrangeTrojan,4
Fiery_Seraphim777,4
Walf124,4
Hefty-Relationship-8,4
kenklippenstein,4
Rectangle_Rex,4
sophia-69,4
lepa71,4
FrowstyWaffles,4
BackInNJAgain,4
OasissisaO,4
Trump_Is_A_Scumbag,4
PomegranateOld7836,4
BeegRedYoshi,4
DADMITTEN,4
bihari_baller,4
timidtsunami,4
10390,4
TritiumH30,4
FEARxNOxBLADE,4
aciotti,4
No_Hornet5856,4
BlazingSaint,4
eloquinee,4
Defend_the_Future,4
OverzealousRuin2125,4
SoonerSon740,4
0Ring-0,4
T-ROY_T-REDDIT,4
GoGetEmTiger131,4
DatJazz,4
Mediocre-Mistake-233,4
General-Programmer-5,4
poopmaker420,4
shpydar,4
OceanBreeze246,4
alex2_7,4
Phnrcm,4
mchernes94,4
Ransurian,4
BiggerFoote,4
jerusalemg,4
thewyldfire,4
JJyystiN,4
AngusLynch09,4
Unfair_Ant1330,4
cardoorhookhand,4
DareDevil_099,4
Patentsmatter,4
Marisa_Nya,4
Circe44,4
a44328765,4
Technology314,4
cadencotarded,4
rajbhanb,4
ArcherDOTA,4
Ricklmesa,4
JacobWesleyMartin,4
Opents1959,4
vakr001,4
SMB99thx,4
RamrodTheDestroyer,4
mattfromseattle,4
Clem_Doore,4
timbrejo,4
qpl23,4
AHistoryofGuyStuff,4
angelvvitch,4
B7dust11,4
the_raucous_one,4
aqwhiteh,4
StephenHunterUK,4
Brawnyboink,4
zom-ponks,4
elizabeth-cooper,4
Global_Leaders,4
Final_Fantasy_X,4
asteriskspace,4
provoking,4
20051oce,4
discogeek,4
harisaduu,4
Borgenschatz,4
AntoniusMaximus,4
vandalous5,4
AsanoBarbie,4
comfybunk,4
Choyo,4
EmperorYork,4
jonathan_widder,4
20th_CenturyBoy,4
ShotoGun,4
tigerjohnweeb180,4
nogoodnamesleft426,4
alexwasashrimp,4
sadcrayboi,4
IamStrqngx,4
Beejsterb,4
chillyfits,4
Soft-Independence-19,4
Leafypaper,4
SnackAtNight,4
A-dab,4
Thricearch,4
KoolNomad,4
Kinmuan,4
Reallybad_Salesman,4
Kellsier,4
arushanukleare,4
ArcherAccomplished75,4
Wakakur,4
Smartest_Scienceman,4
cdn_backpacker,4
nzhockeyfan,4
John-Farson,4
Niek,4
SilentR0b,4
jdoreh,4
jokekiller94,4
lunacyinc1,4
zerton,4
viachicago22,4
nachobel,4
steelceasar,4
So_spoke_the_wizard,4
Dfiggsmeister,4
SquishWindow,4
tnick771,4
Wingzfly,4
matthewvictorav,4
Willydimplestix,4
smallbatter,4
ShastaDress,4
14159548210,4
flyingdutchgirll,4
pllenueth,4
obtricksdotcom,4
Tall-Stretch-8716,4
Hackmource,4
John_key_is_shit,4
TheFuzziestDumpling,4
Ok-Occasion-2879,4
stklaw,4
Fun-Enforcer,4
scaur,4
LivonianProphet,4
dies-IRS,4
SactoGamer,4
WideSmilesAbound,4
PulsarEagle,4
Delicious_Car,4
mdj1359,4
Luke_In_Tulsa,4
Afrin_Drip,4
ImJediBay,4
jrayhart_HC,4
MelonSmoothie,4
Pando-lorian,4
koopolil,4
NateJTB,4
REXwarrior,4
CaptDankDust,4
omgbenji21,4
99999999999999999901,4
_doppler_ganger_,4
natalienice,4
deletedump,4
Pies_14,4
ifuckedyourgf,4
DustyFalmouth,4
the6thReplicant,4
iampakistan,4
7heJoker,4
Celphi,4
Ishootdogs,4
mdjak1,4
wopwopdoowop,4
the_beer-baron,4
UsernameNumberThree,4
startinagain,4
halbeshendel,4
EASY_EEVEE,4
tardis_geronimoOo,4
ananas_tacos,4
Mononym_Music,4
glacialake,4
ChessPlayingLife,4
ApexGunner,4
Hall_Pitiful,4
baileyculp,4
ColdbrewRedeye,4
Firebird12301,4
docterBOGO,4
SlippersLaCroix,4
AwkwardEducation,4
trollfessor,4
Notmugsy13,4
Alte_kaker,4
IndustrialO,4
backpackwasmypillow,4
ReddLastShadow2,4
ronearc,4
aloofcomer9,4
ClaudeSpeedGTA3,4
WashingtonCherryTree,4
drakebi97,4
Poopywoopypants,4
Lucky_Item_8366,4
orchidsnmed,4
Much-Ad-4260,4
Nathan96762,4
tesserakti,4
EconomistNo280519,4
Drummer_23,4
kbgbtb,4
AJMcCoy612,4
Dahhhkness,4
DirtyOldCodge,4
imnotcreativeoff,4
TheMildestShave,4
MirdovKron,4
spqrs,4
handcraftstips,4
GroundbreakingLynx14,4
WhateverRL,4
comeupforairyouwhore,4
blackluck64,4
_Ginesthoi_,4
JRRTokeKing,4
UteForLife,4
BracketStuff,4
chem-chef,4
Cloaked42m,4
TobinBen,4
ds-tm,4
woland1928,4
Brosbrawls,4
CanadianBeaver1983,4
Puzzleheaded-Hair645,4
wakajishi,4
BoggyRob,4
saigonk,4
tibbyholic,4
bobstonite,4
SimilarPlate,4
Coloradocoldcase,4
MagnusAuslander,4
kstinfo,4
DataGuru314,4
My_two-cents,4
shadowdra126,4
AbsolutePorkypine,4
meowroarhiss,4
slymeyslime,4
brunnock,4
doofleton,4
Cultural-Onion5001,4
Arya9019slp,4
Fit-Case1093,4
TheDominoDR,4
solid_boss55,4
Rocksolidbubbles,4
The_Newsroom_AI,4
SweatyNomad,4
tedd321,4
poopguru,3
StayAtHomeDuck,3
Cod-Medium,3
Ravekat1,3
owlaway,3
scott_steiner_phd,3
SBAPERSON,3
laramontoyalaske,3
ProudnLoud,3
askafahu,3
beeps-n-boops,3
Loveless_97,3
Adeel7163,3
dozydoughnut,3
Echidnahh,3
_m3r1u5_,3
nerdfemme,3
alexius339,3
treadmarks,3
onlyremainingname,3
laughinggas,3
TakeOffYourMask,3
Cricketcaser,3
Commie-commuter,3
chazmoun,3
Birthday-Tricky,3
Electrical-Ad-9797,3
Da_Kahuna,3
NeatPeteYeet,3
ClusterFugazi,3
brownbranch76,3
RedditByAnyOtherName,3
SoggyBottomSoy,3
Ok-Hamster5571,3
King_Internets,3
gutpocketsucks,3
darthatheos,3
Ok_Nefariousness6569,3
SilentRunning,3
DonDickerson,3
2Panik,3
yourfriendlysocdem1,3
bythebys,3
heroini,3
orbidhorne,3
StopTheGregSign,3
dallasmorningnews,3
UgliestDisability,3
lifeislifey,3
Mr_Magoo2U,3
srone,3
Twin_Nets_Jets,3
zsalzman12,3
Otherwise_Hunt7296,3
keninsd,3
Skintanium,3
TheBuzzTrack,3
grrlmcname,3
InternationalSilver1,3
RosetteNewcomb,3
Nthepeanutgallery,3
ZK686,3
VileGecko,3
dyzo-blue,3
GotMoFans,3
Gasonfires,3
WorldlinessOne939,3
coffeequeen0523,3
deltadavitaf,3
FarewellSovereignty,3
rmumford,3
ema_G,3
squad92,3
hillarioushillary,3
sinoxx_the_maymayer,3
amoryblaine,3
majoramardeepkohli,3
piezoelectron,3
viciousandwise,3
Successful-Depth-235,3
Ryan_Holman,3
GDPisnotsustainable,3
dynamicEntr0py,3
blamdin,3
nWjGf,3
Forsaken-Log-607,3
dadsandmice,3
ceowin,3
moby323,3
kapalkonetic,3
andreitudor,3
furyZotac,3
4aevoy,3
Monkcoon,3
helgothjb,3
Moelarrycheeze,3
NitroLada,3
Kiskadee65,3
Elder_sender,3
kayaker1550,3
Mericathatswhy,3
TrappedOnScooter,3
tigm2161130,3
WillRollinsCA,3
Lamont-Cranston,3
RoachedCoach,3
wordiestfurbal,3
blucifersdream,3
UR_NEIGHBOR_STACY,3
fung_dark,3
craig1818,3
theombudsmen,3
ironthrownaways,3
delilmania,3
DaddyBobMN,3
coinfanking,3
GainElectrical9728,3
STUPIDNEWCOMMENTS,3
random20190826,3
51patsfan,3
unlikelyj,3
WordWarrior81,3
dancingsteveburns,3
retroanduwu24,3
witcherfan87,3
SkullLeader,3
joefalco999,3
StapleTime,3
1Os,3
873589,3
Stevelope,3
9mac,3
OffTerror,3
mbw_meme,3
ChallengeRough3786,3
BuildMyRank,3
ubix,3
jaeger123,3
Villanta81,3
Cyril_the_Lame,3
90mfn,3
dixonmason,3
r2d2blue,3
Creative_Strawberry6,3
Arcamedies,3
Charming_Cash,3
Castiron_stonks,3
skeggy101,3
MayorOfCreepsville,3
wobblyweasel,3
sociallyawkwardbitch,3
plz-let-me-in,3
We_Have_To_Go_Back,3
Darabosqf,3
monsterflake,3
jewelsandstuff,3
4dailyuseonly,3
DontUnclePaul,3
OhNoMyLands,3
Successful_Craft3076,3
ditditdit345,3
ScoutBullfinch,3
JPAnalyst,3
drforbush,3
subsonico,3
BareFootWilliams,3
smdifansmfjsmsnd,3
Top-Speaker-2055,3
LonelyAd5039,3
nykiek,3
BarKnight,3
RrtayaTsamsiyu,3
d0w0t0,3
Highest_ENTity,3
urban_RED_NECK,3
the_muffin_man10,3
amirsadeghi,3
MNYCT,3
ProductOfUK,3
philoktetes101,3
Puvy,3
Ciarrai_IRL,3
Rad1t,3
XMaster65,3
anonpurple,3
Voiceamerica,3
not_medusa_snacks,3
Psychological-Gold19,3
Kitana37,3
Soda_Muffin,3
cyberdork,3
Pups_the_Jew,3
cptunkzed22,3
WoodPenny67,3
Fitz0053,3
Fantastic_College929,3
Fattigstudent,3
udhayam2K,3
Divtya_Budhlya,3
Notelbaxy,3
orelt06,3
skilriki,3
jon_steinman,3
F-O-O-M,3
TheRedBear1917,3
GoStars817,3
Last_Engineering3786,3
IronHe,3
Jake_Cathelinaeu,3
Chris-1235,3
goki7,3
and_dont_blink,3
Y1OG4,3
fyrie,3
Froogler,3
freeguaco,3
umatbru,3
Kingofearth23,3
Xerxes0,3
nasandre,3
Antoine1738,3
croma0910,3
Sad_Proctologist,3
thendof,3
shady00041,3
konart,3
Dirtybrd,3
Sweetgirl_j,3
thezakalmanak,3
Rocket2112,3
dirk23wright,3
kwerfluffle,3
Herbetet,3
ladalyn,3
CatDad69,3
python_noob_001,3
FNLYDC4L,3
UltimateDeity1996,3
achilles-_-23,3
VoltaMoon,3
INTP-1,3
MountainNearby4027,3
JennJayBee,3
Rare-Faithlessness32,3
LarryPeru,3
Jollyoldstdick,3
lumpkin2013,3
cyrathil,3
2goodgabe,3
AccomplishedScale362,3
JulesHaggard,3
Accra101,3
Secure-Resident-1529,3
guy___manderson,3
An_Average_Kuwaiti,3
kantorr,3
tpaup,3
BK4343,3
xloudernowx,3
DW_Handicapping,3
fond_of_myself,3
davidreiss666,3
Thathitmann,3
PhantomHeartBraker,3
Professional-Bell237,3
bobbyorlando,3
Capable-Rutabaga5877,3
LeafsNation75,3
AQMessiah,3
neomeow,3
zestzebra,3
DarudestSandstorm,3
Deceptichum,3
Digbijoy1197,3
sfhitz,3
Candid-Ad7897,3
Archmage_of_Detroit,3
_gadgetFreak,3
HackeySadSack,3
Bloodless89,3
newhiphopsongs,3
TheDevilsAdvoc8,3
coronatracker,3
Dirt290,3
Pesci_Avocado,3
wdomeika,3
thorgia,3
andrewjm222,3
dino_74,3
tswizzys,3
turbo_chuffa,3
drodjan,3
Random_Ad,3
tdi,3
filosoful,3
javaqueeny,3
JulietOfTitanic,3
Mellopiex,3
Publicize,3
NeverEnoughBoobies,3
MathewMurdock,3
Not_Tom_Jones,3
atouk09,3
HailHarski,3
MadMarioMax,3
phungus_mungus,3
urto37372,3
aPennyForYourSilence,3
spaceofreason,3
srikarvamsi,3
avskaffamonarkin,3
AlbertSmithsonJR,3
wsj,3
Legionaiire,3
Ivanhu1,3
thatirishguy0,3
krob4r,3
OfficialUberZ,3
thisischalupa,3
black_andgold,3
AlgaeNice5440,3
flowermetro,3
itailitai,3
jimmy_bamboozy,3
LillyPip,3
Sumerianz,3
RHEmarketing,3
ARoyaleWithCheese,3
aoc_ftw,3
far_for_the_course,3
defenestrate_urself,3
barsik_,3
Code-Three,3
Hyperion1144,3
kitsand,3
RevWaldo,3
savoy66,3
AbolishtheDraft,3
theweasel2345,3
GoMLism,3
kaykaymarieog,3
TheGodus,3
gypsword,3
dobbyisafreepup,3
Frosty_Dirt_9681,3
Thisisgoodyeahnah,3
degeneration,3
Roderie94,3
AYAYAcutie,3
DevOpsMuscleGuy,3
markca,3
sheeeeeez,3
FairchildIV,2
Kavalon80,2
Dizzy_Slip,2
sprucecopse,2
wizardofthefuture,2
123ilovelaughing123,2
The_Wrong_Band,2
FrostyOven,2
sonicagain,2
MperorM,2
emo_kid_forever,2
FartFragrance,2
Psychological-Luck50,2
ArsCortica,2
DrFetusRN,2
Howru68,2
Doublehalfpint,2
vladfix,2
Dramatic-Guitar-4837,2
TheCaspica,2
Kant2050,2
_DMYZ,2
AintWithYourBullshyt,2
Grapesed,2
tipsygiant,2
Alternative_Art_528,2
scbs96,2
BickleNewman,2
Billyjoewayne,2
CreepzFPS,2
kramel7676,2
myth_drannon,2
echosolstice,2
__masterbaiter__,2
Novelpression,2
thetitleofmybook,2
Dondadufus,2
H4km4N,2
mspyros12,2
Jimmy_The_Perv,2
xCaptainNutz,2
ElizabethTheStripper,2
Alone-Conversation34,2
Tricky_Escape_3827,2
bubwithchub,2
jagdedge123,2
chilli_crab88,2
ImaginaryDrawingsTwt,2
Successful_Minute_87,2
PaddyBee,2
trendkilla,2
THEBHR,2
abromo7,2
eaglewatch1945,2
gopoohgo,2
cmhbob,2
Vidco91,2
redhat717,2
afrigginracoon,2
AussieHawker,2
John3262005,2
youllbedeadwrong2,2
tushball101,2
Redditthedog,2
Belichick12,2
BlueZybez,2
Deep_Doubt,2
imdwalrus,2
yerffejytnac,2
teiqyriwnwjfbsosne,2
IntnsRed,2
12merlot34,2
WantedtoRetireEarly,2
just_arandomrussian,2
PickleweaselNaeNae,2
ogobeone,2
Real_Synow,2
rkishore86,2
Spec1alistInFailure,2
tronic22,2
IAmTheOnlyNobby,2
redbean-mooncake,2
AccidentalAlien,2
anonymous_cute,2
ooooopsoooooo,2
02soob,2
GreenGoldBear,2
piramerd,2
PSTHTontard,2
General-Wishbone-214,2
JorrEriker,2
shekat22,2
themarketliberal,2
zeptepi,2
andreadiby,2
UnitAppropriate,2
Juniperfreak,2
Piano_Fingerbanger,2
factchecker01,2
Jazzlike_Dog_8175,2
cnytyo,2
CuttlefishMonarch,2
Creepy_Toe2680,2
LayfonGrendan,2
running_demon,2
GodlordHerus,2
k0peng,2
AnjingRoja,2
TorontoPolarBear,2
cbacn2,2
kneehigsock,2
123dream321,2
Trekkie0802,2
SniffSniffDrBumSmell,2
anedijitak,2
Specific-Menu8568,2
TriptheFlip12345678,2
newleafkratom,2
techaddict0099,2
mcjon77,2
XIII-Death,2
Fenix_cupcake,2
the_ok_doctor,2
IsraelRadioGuy,2
samurai5625,2
generals_test,2
Human212526,2
pecika,2
faddleboarding,2
MayankWL,2
Fell0w_traveller,2
elisart,2
Mike_I,2
TuesdayTheNewMonday,2
pariesa,2
poison29,2
RaiyaPapaya,2
bsmdphdjd,2
happyharrr,2
bruce65342,2
Haust,2
KrystalPistol,2
wraithsomehell,2
mountaintop111,2
Hellhammer2,2
ND1984,2
oksapar,2
polymute,2
jjwinc68,2
bachstop,2
_Fred_Fredburger_,2
ConstantlyAngry177,2
Burgerpocolypse,2
_jackkk,2
GiorgioPerlasca,2
FlexoPXP,2
SmaugStyx,2
Spiritual-Band-9781,2
CButler19,2
htcmoneyzzz,2
Kalifornia007,2
orange_transparent,2
ApexHolly,2
jeremy20a,2
pp_in_a_pitcher,2
TravelKats,2
Haunting_Ad_3646,2
ege3,2
BabyLlama-Drama,2
michaeljaco,2
Purples_A_Fruit,2
Manny-Both-Hanz,2
Level_Flight_7531,2
DrChefAstronaut,2
mrb1,2
y10nerd,2
Erion7,2
Bergensis,2
Prestigious_Tip__,2
Powerpuff_Rangers,2
thanitos1,2
No_Weekend_3320,2
GeniusPlayUnique,2
thethpunjabi,2
JWorthingDB4D,2
philhouse,2
Chatty_Fellow,2
Successful-Plum4899,2
KBrownIVXX,2
InkFoxPrints,2
Jknight884,2
a9JDvXLWHumjaC,2
MyDadBod_2021,2
Long_Before_Sunrise,2
LieverRoodDanRechts,2
dekiruzooo,2
keine_fragen,2
Rocco89,2
listen-to-my-face,2
Bloomlight,2
iLatvian,2
Disastrous-Dingo-492,2
Generic_Sheep,2
WizardVisigoth,2
Nicky666,2
thatshirtman,2
Sensitive_Source8445,2
mostreliablebottle,2
malicious_turtle,2
ewtoombs,2
kowalsky9999,2
clinch09,2
Madhavaz,2
insan3guy,2
The_Big_Untalented,2
landman777,2
Jerrykern,2
LittleBitchBoy945,2
Robert_Cutty,2
bestcornel,2
Mercury-Redstone,2
exeverythingguy,2
TradingAllIn,2
EmeraldEmbers,2
rehasher69,2
winterstl,2
tetsuo52,2
ThePotatoNeverBlinks,2
Merc_Drew,2
madminer95,2
dilly2philly,2
chungus_dingus_77,2
allergic-toeveryting,2
J-F-2020,2
ThisIsExxciting,2
NoLawfulness1355,2
tinkthank,2
19inchrails,2
E23R0,2
vikash_WPplugin,2
Whoshabooboo,2
SweetyByHeart,2
Zwiens06,2
throwawaypaycheck1,2
Pippin4242,2
Bcold2,2
digital_angel_316,2
Time-to-go-home,2
webgambit,2
FlatFatFace,2
AhmedF,2
Tuna_Sushi,2
graduatedprawn,2
Tesg9029,2
brooklynlad,2
Faris_K,2
TalkCryptoCoins,2
jackwayne3000,2
terrykiow,2
rtl_snk,2
MoTingHuean121,2
xland44,2
twhome,2
kianbes,2
Amb_oy,2
DougSeeger,2
fat_stig,2
slothvader,2
4thDevilsAdvocate,2
zsydeepsky,2
maybe_there_is_hope,2
CrastersKip,2
mkerbs942,2
Educational_Sector98,2
No-Assignment7129,2
Ace_Euroo,2
LarsTM,2
lordsth,2
PartTimeSassyPants,2
BootAromatic,2
betweentourns,2
oj421,2
Thornbike,2
Skooma_Lite,2
carsonp,2
djProduct2015,2
byndrsn,2
Lord_Vader6666,2
DeMateriaMedica,2
news-hound22,2
Vlad_the_Homeowner,2
xena_lawless,2
AssumeItsSarcastic,2
RustyGirder,2
MrDinglehut,2
BigDaddyCoolDeisel,2
althalusian,2
DankLightJoshua,2
AlKarakhboy,2
addicted_to_bass,2
TryingT0Wr1t3,2
pownyan,2
IamAsh2743,2
RenRon1,2
Passage-Extra,2
Finblast,2
Hyperion4,2
whitewalker646,2
Duelgundam,2
busdriverbuddha2,2
TomrummetsKald,2
nyc98,2
DDP65,2
purplebadger9,2
BoliveiraNTPW,2
Whybotherr,2
OGIVE,2
digiorno,2
UnlamentedLord,2
eifirunfudndjjejd,2
Conan776,2
SapientChaos,2
winkydevil,2
stonedrunescaper,2
KAAN-THE-DESTROYER,2
RadiationRichard,2
Its_Alive_74,2
nona_ssv,2
Massive_Locksmith,2
waitwhaaaaaatt,2
Dave_N_Port,2
fesenjoonam,2
trai_dep,2
yesmanwow,2
UncertainAboutIt,2
106473,2
Kordiel,2
TheMightySweater,2
notonyourspectrum,2
throwgains,2
offthecharts60srock,2
Blesple1958,2
TheDisappointed,2
ChernobylWilly,2
waffles1849,2
NotCrust,2
yoso309,2
IAmAwesome1421,2
innocuousremark,2
Thomas_Grace33,2
Dem0s,2
dendanskemetode,2
TheTruthSpeaksi,2
pleasantzones,2
Wonderful_Progress92,2
OneWhoWonders,2
mr_lightbulb,2
Pemnia,2
betawings,2
buckled-quil1234,2
Ashy36,2
SunfireGaren,2
stt2m,2
brakudo,2
Mr_Ken_Adams_,2
starfish_drown,2
TZonexX,2
corduroyshirt,2
irish_fellow_nyc,2
NickSurgey,2
Screwshadowban,2
snklkjnqqe,2
ImaginationFree6807,2
ObjectiveDark40,2
Guyute101,2
AsherBaels,2
dumptiedom,2
taker2523,2
R1f_Raf,2
mhrn110,2
bin10pac,2
sealandgov,2
snappydo99,2
boky990,2
Illustrious-Win-1471,2
tenbatsu,2
two-years-glop,2
MarkIsAPieceOfShit,2
VaguelyArtistic,2
BernFrere,2
Kastaivag122,2
TheAnarchist9081,2
thecheetah,2
Saint_2022,2
lightandcrisp,2
BigSurprise2019,2
WSBshepherd,2
Mufatufa,2
AIverson3,2
TheRetardedGoat,2
Educated-Primate,2
I_like_and_anarchy,2
blutbad_buddy,2
TheDukeWindsor,2
Lakers824kobe,2
Zen_Gaian,2
pch14,2
bluetexan62,2
Kombucha_Hivemind,2
damn_whitecoats,2
EdLesliesBarber,2
viking3112,2
joeybagofdonuts80,2
IRefuseToGiveAName,2
timothybrooks7,2
Athire5,2
AHurriedDog,2
StonedAbductee,2
bermanji,2
MinisterOfTruth99,2
just-slaying,2
rudebuddha09,2
Arrow2019x,2
givemefuelgimmefire,2
omdfanatic,2
brashendeavors,2
TammySlaton1000,2
Hoosagoodboy,2
GiftHorse2020,2
226644336795,2
illeaglex,2
OttawaMan35,2
ADind007,2
cannonhawk,2
LordOfTheDerp,2
Aidan-Sky-Life,2
itsmostlyamixedbag,2
gonzo8927,2
CrystalPlayStation,2
corp_code_slinger,2
120guy,2
ConstantGeographer,2
TinyTornado7,2
caveatlector73,2
mookiebomber,1
CanEatADozenEggs,1
Balls_inc,1
vectorized,1
Ti30_Winner,1
GnolRevilo,1
NewsJungle,1
pawnografik,1
alankboom,1
Elluminated,1
DoritoTheMito,1
reddittwayone,1
Zeke265,1
notahsoka,1
Wanda6420,1
Aromatic-Thought6009,1
r_kobra,1
Muhanad-Abuabida,1
Geek-Haven888,1
yokemhard,1
Tootu6,1
feijao_com_arroz,1
inn3rblooom,1
tiktaktok_65,1
continuoussymmetry,1
the961com,1
stefan442,1
randomquestions555,1
alzee76,1
Infinite-Debt-7882,1
HelloRMSA,1
Zakeesha,1
raziel1012,1
gesushuston,1
Foraminiferal,1
Cynical_Dickhead69,1
Hywaystar74,1
Agattu,1
miamiherald,1
Lulu11709,1
TheReaIist,1
GrungyGrandPappy,1
klausbrusselssprouts,1
SecureConfectionary,1
Oscarcharliezulu,1
workedSilly,1
AbsentEmpire,1
S4VN01,1
Impisterbals69420,1
ParadeSit,1
jamesphw,1
guntherbumpass,1
EvaOgg,1
r2vcap,1
luca1416,1
acidlyunluckyoutage,1
cnncctv,1
pgh9fan,1
beirnfjwiopn,1
Xatolos,1
SmokeSinseLoud,1
DrewBot13,1
TankSparkle,1
dumbledores__beard,1
Debzance,1
Dumbass1171,1
hjames9,1
TroyMcClure10,1
Glaurung1536,1
luag,1
NovelRub,1
bikinireef,1
TheKrnJesus,1
smokejaguar,1
gururururug,1
WackyShirt,1
NeighborhoodBusy1721,1
Vladazard,1
k890,1
Pommepotatoman,1
Spiritual_Shame_1711,1
The_Great_Buffalo,1
dialectical_idealism,1
marx1848engels,1
chrisfrasr,1
WatchingTrees,1
coomiemarxist,1
SnooPaintings5866,1
RabidGuillotine,1
vitorgrs,1
Dear-Adhesiveness-27,1
ThisSideOfThePond,1
SirLavish,1
bacchys1066,1
fourlegsup,1
stepsinstereo,1
Russell_3,1
avivi-,1
cloudburst93,1
nullaux,1
Strange-Tip-1897,1
yourmumissothicc,1
romuo,1
cheesecrustmsg,1
OffToTheLizard,1
MyUshanka,1
AnalSoapOpera,1
ihatetheloginscreen,1
Prudent_Squad_Leader,1
JY0950,1
wendalltwolf,1
lil_fuzzy,1
keh_k_lenge,1
Content-Possession49,1
askcoronavirus,1
Wolaff,1
Nlcc7o3,1
AndthenIwas,1
SteveThePurpleCat,1
basimali322,1
Commodore-Metal,1
ZeroEqualsOne,1
TheRetroFox,1
Sea_Seaworthiness506,1
rieslingatkos,1
ZozicGaming,1
atrazine8742,1
Tactical_Leo,1
ALife2BLived,1
whitehypeman,1
Lunita1991,1
annoyinglilbrother,1
Hypx,1
CringeStar_Boi,1
jhugh,1
onegoodbumblebee,1
VirtualReward5909,1
ay_caramba1,1
ChrisRuss86,1
praguer56,1
droids4evr,1
FeatureBlack,1
EvanMcD3,1
ConsciousStop,1
MaraLagoNPS,1
shak_0508,1
sleepdeeptreep,1
Balmerhippie,1
cheezeyballz,1
oingoboingo331,1
Ganeshadream,1
Pillowtalk,1
zerolag,1
Cincinnative13,1
chatte_epicee,1
New_Bag2636,1
scytal,1
homincruz,1
amkosh,1
CommonSenseGuru,1
Crypt0_Bot,1
HauntedCoffeeMug,1
Raphelm,1
psylenced,1
_matt08_,1
matif525,1
sightl3ss,1
GingerbreadRecon,1
frequenttimetraveler,1
soundsaboutpod,1
ktbugs1,1
mostly-sun,1
Tallgirl4u,1
classofnever,1
knownothingwiseguy,1
Street-Individual292,1
Polka_Dot_Begonia,1
NoahCharlie,1
i_heart_pasta,1
nichtwarum,1
O_Nikolakis,1
LuceeCarioca,1
RandomAngeleno,1
NakenTame,1
testudo,1
Arvedui_Last_King,1
westphall,1
swentech,1
DigbyChickenZone,1
IamLouisIX,1
murphymc,1
penguincheerleader,1
abhayasinha,1
sp4cerat,1
Substantial-Pilot-72,1
AttitudeChicken,1
chodan9,1
Dragonlicker69,1
Kingcole234,1
Jneebs,1
Accomplished_Ad_4109,1
Drenlin,1
Mdk_251,1
okin107,1
RemovedByRedditAEO,1
paperfinn,1
imran-shaikh,1
bass356,1
zarabarrus,1
kalapakdee,1
YnwaMquc2k19,1
Beautiful-Leave6May,1
NearbyPurpose7406,1
DazzJuggernaut,1
Calm-Ingenuity-666,1
porncrank,1
tech600,1
newfoundslander,1
Gazwa_e_Nunnu_Chamdi,1
__suyash_,1
Kalmartard,1
Vaynar,1
Gefiltefished,1
Hoz85,1
franandwood,1
anstromm,1
Martin_leV,1
bunzarelli,1
pranatraveller,1
evanFFTF,1
mekniphc,1
Wastarce2,1
Altruistic_Astronaut,1
GokuSensei_,1
MRC2RULES,1
rix1337,1
debebtce,1
gbgbgbgbbb,1
10thban_,1
Becky__Buckybeez,1
Superman081081,1
no_stage_names,1
tementnoise,1
Sharks77,1
nikzyk,1
lilymagil,1
CanuukSteev,1
DefinitelyNotAliens,1
MeningoTB,1
HereForTwinkies,1
buckbuck,1
phoneix150,1
AB52169,1
artistpearl,1
XulJazz,1
Soft_moon_light,1
flatbushzombiezz,1
TheDude415,1
atomicpete,1
heavilybloody32,1
strvgglecity,1
TheElectricPineapple,1
bc1297,1
Ajkrouse,1
JonAce,1
Bourbon-Decay,1
smarmymarmy1,1
Adult-male,1
welkikitty,1
angrypoliticsposter,1
Phaedrusnyc,1
GoldenPedro,1
eeandersen,1
Tdale2,1
MrBravado,1
corabecacoccogoneb2,1
