Ratio,,,,
,,,,
0.537688442,,,,
,,,,
0.306818182,,,,
,,,,
0.383741259,,,,
,,,,
0.172103487,,,,
,,,,
0.314148681,,,,
,,,,
0.143958869,,,,
,,,,
0.221153846,,,,
,,,,
0.124054463,,,,
,,,,
1,,,,
,,,,
1,,,,
,,,,
0.244262295,,,,
,,,,
0.567340067,,,,
,,,,
0.184347826,,,,
,,,,
0.066298343,,,,
,,,,
0.355263158,,,,
,,,,
0.123791103,,,,
,,,,
0.364522417,,,,
,,,,
0.259713701,,,,
,,,,
0.481481481,,,,
,,,,
0.545243619,,,,
,,,,
0.083116883,,,,
,,,,
1,,,,
,,,,
1,,,,
,,,,
0.105263158,,,,
,,,,
0.428571429,,,,
,,,,
0.37962963,,,,
,,,,
0.166144201,,,,
,,,,
0.191823899,,,,
,,,,
0.280757098,,,,
,,,,
0.373801917,,,,
,,,,
0.286173633,,,,
,,,,
0.473856209,,,,
,,,,
0.761437908,,,,
,,,,
0.452459016,,,,
,,,,
0.473684211,,,,
,,,,
1,,,,
,,,,
0.199312715,,,,
,,,,
0.333333333,,,,
,,,,
0.418118467,,,,
,,,,
0.25,,,,
,,,,
0.117647059,,,,
,,,,
0.275735294,,,,
,,,,
0.712686567,,,,
,,,,
0.48880597,,,,
,,,,
0.097744361,,,,
,,,,
0.120300752,,,,
,,,,
0.175572519,,,,
,,,,
0.406130268,,,,
,,,,
0.4375,,,,
,,,,
0.217391304,,,,
,,,,
0.232931727,,,,
,,,,
0.271255061,,,,
,,,,
0.098360656,,,,
,,,,
0.378600823,,,,
,,,,
0.2875,,,,
,,,,
0.733333333,,,,
,,,,
0.226890756,,,,
,,,,
0.2,,,,
,,,,
0.296137339,,,,
,,,,
0.460869565,,,,
,,,,
0.289473684,,,,
,,,,
0.259911894,,,,
,,,,
0.21719457,,,,
,,,,
0.209090909,,,,
,,,,
0.481651376,,,,
,,,,
0.125,,,,
,,,,
0.218604651,,,,
,,,,
0.390697674,,,,
,,,,
0.200934579,,,,
,,,,
0.09478673,,,,
,,,,
0.177884615,,,,
,,,,
0.144230769,,,,
,,,,
0.111650485,,,,
,,,,
0.220588235,,,,
,,,,
0.186868687,,,,
,,,,
0.177664975,,,,
,,,,
0.276595745,,,,
,,,,
1,,,,
,,,,
0.392473118,,,,
,,,,
0.218579235,,,,
,,,,
0.595628415,,,,
,,,,
1,,,,
,,,,
0.3,,,,
,,,,
0.772222222,,,,
,,,,
0.08988764,,,,
,,,,
0.363636364,,,,
,,,,
0.461988304,,,,
,,,,
0.263157895,,,,
,,,,
0.2,,,,
,,,,
0.289156627,,,,
,,,,
0.343373494,,,,
,,,,
0.198795181,,,,
,,,,
0.224242424,,,,
,,,,
0.18902439,,,,
,,,,
0.196319018,,,,
,,,,
0.397515528,,,,
,,,,
0.7,,,,
,,,,
0.2,,,,
,,,,
0.358490566,,,,
,,,,
0.891719745,,,,
,,,,
0.237179487,,,,
,,,,
0.261437908,,,,
,,,,
0.157894737,,,,
,,,,
0.826666667,,,,
,,,,
0.313333333,,,,
,,Top #,,Percent Of Top Organization
0.201342282,,,,
,,Top 25,,0.417939133
0.644295302,,Top 50,,0.399346303
,,Top 100,,0.385419137
0.601351351,,Top 200,,0.351779074
,,Top 400,,0.358043486
0.324324324,,,,
,,,,
0.150684932,,,,
,,,,
0.15862069,,,,
,,,,
0.166666667,,,,
,,,,
0.853146853,,,,
,,,,
0.218309859,,,,
,,,,
0.218309859,,,,
,,,,
0.226950355,,,,
,,,,
0.241134752,,,,
,,,,
0.929078014,,,,
,,,,
0.151079137,,,,
,,,,
0.525179856,,,,
,,,,
0.244604317,,,,
,,,,
0.384057971,,,,
,,,,
1,,,,
,,,,
0.233576642,,,,
,,,,
0.744525547,,,,
,,,,
0.198529412,,,,
,,,,
0.537313433,,,,
,,,,
0.120300752,,,,
,,,,
0.210526316,,,,
,,,,
0.583333333,,,,
,,,,
0.183206107,,,,
,,,,
0.290076336,,,,
,,,,
0.230769231,,,,
,,,,
0.131782946,,,,
,,,,
0.248062016,,,,
,,,,
0.503875969,,,,
,,,,
0.317829457,,,,
,,,,
0.5,,,,
,,,,
0.3984375,,,,
,,,,
0.25,,,,
,,,,
0.1640625,,,,
,,,,
0.265625,,,,
,,,,
0.25,,,,
,,,,
0.811023622,,,,
,,,,
0.349206349,,,,
,,,,
0.238095238,,,,
,,,,
0.456,,,,
,,,,
0.147540984,,,,
,,,,
0.418032787,,,,
,,,,
0.176470588,,,,
,,,,
0.445378151,,,,
,,,,
0.285714286,,,,
,,,,
0.254237288,,,,
,,,,
0.36440678,,,,
,,,,
0.118644068,,,,
,,,,
0.555555556,,,,
,,,,
0.431034483,,,,
,,,,
0.852173913,,,,
,,,,
0.139130435,,,,
,,,,
0.210526316,,,,
,,,,
0.289473684,,,,
,,,,
0.596491228,,,,
,,,,
0.166666667,,,,
,,,,
0.318584071,,,,
,,,,
0.283185841,,,,
,,,,
0.247787611,,,,
,,,,
0.285714286,,,,
,,,,
0.285714286,,,,
,,,,
0.160714286,,,,
,,,,
0.285714286,,,,
,,,,
0.281818182,,,,
,,,,
0.636363636,,,,
,,,,
0.290909091,,,,
,,,,
1,,,,
,,,,
0.394495413,,,,
,,,,
0.247706422,,,,
,,,,
0.440366972,,,,
,,,,
0.277777778,,,,
,,,,
0.12962963,,,,
,,,,
0.212962963,,,,
,,,,
0.305555556,,,,
,,,,
0.212962963,,,,
,,,,
0.392523364,,,,
,,,,
0.261682243,,,,
,,,,
0.188679245,,,,
,,,,
0.160377358,,,,
,,,,
0.424528302,,,,
,,,,
0.433962264,,,,
,,,,
0.79047619,,,,
,,,,
0.20952381,,,,
,,,,
0.571428571,,,,
,,,,
0.40952381,,,,
,,,,
0.163461538,,,,
,,,,
0.173076923,,,,
,,,,
0.711538462,,,,
,,,,
0.27184466,,,,
,,,,
0.86407767,,,,
,,,,
0.203883495,,,,
,,,,
0.300970874,,,,
,,,,
0.147058824,,,,
,,,,
0.28,,,,
,,,,
0.24,,,,
,,,,
0.38,,,,
,,,,
1,,,,
,,,,
0.193877551,,,,
,,,,
0.43877551,,,,
,,,,
0.474226804,,,,
,,,,
0.175257732,,,,
,,,,
0.666666667,,,,
,,,,
1,,,,
,,,,
0.666666667,,,,
,,,,
0.333333333,,,,
,,,,
0.34375,,,,
,,,,
0.5,,,,
,,,,
0.635416667,,,,
,,,,
0.166666667,,,,
,,,,
0.168421053,,,,
,,,,
0.715789474,,,,
,,,,
0.315789474,,,,
,,,,
0.170212766,,,,
,,,,
0.904255319,,,,
,,,,
0.170212766,,,,
,,,,
0.925531915,,,,
,,,,
0.376344086,,,,
,,,,
0.365591398,,,,
,,,,
0.391304348,,,,
,,,,
0.296703297,,,,
,,,,
0.322222222,,,,
,,,,
0.7,,,,
,,,,
0.303370787,,,,
,,,,
0.202247191,,,,
,,,,
0.247191011,,,,
,,,,
0.284090909,,,,
,,,,
0.170454545,,,,
,,,,
1,,,,
,,,,
0.636363636,,,,
,,,,
0.477272727,,,,
,,,,
0.379310345,,,,
,,,,
1,,,,
,,,,
0.494252874,,,,
,,,,
0.448275862,,,,
,,,,
0.367816092,,,,
,,,,
0.183908046,,,,
,,,,
0.244186047,,,,
,,,,
0.174418605,,,,
,,,,
0.2,,,,
,,,,
0.517647059,,,,
,,,,
0.188235294,,,,
,,,,
0.576470588,,,,
,,,,
0.188235294,,,,
,,,,
1,,,,
,,,,
0.404761905,,,,
,,,,
0.333333333,,,,
,,,,
0.19047619,,,,
,,,,
0.891566265,,,,
,,,,
0.204819277,,,,
,,,,
0.13253012,,,,
,,,,
0.313253012,,,,
,,,,
0.289156627,,,,
,,,,
0.204819277,,,,
,,,,
0.385542169,,,,
,,,,
0.289156627,,,,
,,,,
0.609756098,,,,
,,,,
1,,,,
,,,,
0.597560976,,,,
,,,,
0.487804878,,,,
,,,,
0.926829268,,,,
,,,,
0.207317073,,,,
,,,,
0.402439024,,,,
,,,,
0.256097561,,,,
,,,,
0.518518519,,,,
,,,,
0.407407407,,,,
,,,,
0.592592593,,,,
,,,,
0.864197531,,,,
,,,,
1,,,,
,,,,
0.444444444,,,,
,,,,
0.209876543,,,,
,,,,
0.2,,,,
,,,,
0.2,,,,
,,,,
0.6,,,,
,,,,
0.2,,,,
,,,,
0.2,,,,
,,,,
0.6,,,,
,,,,
0.4,,,,
,,,,
0.4,,,,
,,,,
0.4,,,,
,,,,
0.2,,,,
,,,,
0.848101266,,,,
,,,,
1,,,,
,,,,
0.53164557,,,,
,,,,
0.53164557,,,,
,,,,
0.230769231,,,,
,,,,
0.448717949,,,,
,,,,
1,,,,
,,,,
0.688311688,,,,
,,,,
0.480519481,,,,
,,,,
0.25974026,,,,
,,,,
0.421052632,,,,
,,,,
0.157894737,,,,
,,,,
1,,,,
,,,,
0.266666667,,,,
,,,,
0.426666667,,,,
,,,,
0.426666667,,,,
,,,,
0.226666667,,,,
,,,,
0.22972973,,,,
,,,,
0.243243243,,,,
,,,,
0.364864865,,,,
,,,,
0.22972973,,,,
,,,,
0.273972603,,,,
,,,,
0.493150685,,,,
,,,,
0.835616438,,,,
,,,,
0.684931507,,,,
,,,,
0.863013699,,,,
,,,,
1,,,,
,,,,
0.191780822,,,,
,,,,
0.277777778,,,,
,,,,
1,,,,
,,,,
0.228571429,,,,
,,,,
0.942857143,,,,
,,,,
0.328571429,,,,
,,,,
0.785714286,,,,
,,,,
0.128571429,,,,
,,,,
0.536231884,,,,
,,,,
0.68115942,,,,
,,,,
1,,,,
,,,,
0.231884058,,,,
,,,,
0.31884058,,,,
,,,,
0.289855072,,,,
,,,,
0.188405797,,,,
,,,,
0.455882353,,,,
,,,,
0.382352941,,,,
,,,,
0.235294118,,,,
,,,,
0.925373134,,,,
,,,,
0.507462687,,,,
,,,,
0.194029851,,,,
,,,,
0.671641791,,,,
,,,,
0.940298507,,,,
,,,,
0.567164179,,,,
,,,,
0.641791045,,,,
,,,,
0.343283582,,,,
,,,,
0.76119403,,,,
,,,,
1,,,,
,,,,
0.567164179,,,,
,,,,
0.257575758,,,,
,,,,
0.257575758,,,,
,,,,
1,,,,
,,,,
0.772727273,,,,
,,,,
0.424242424,,,,
,,,,
0.363636364,,,,
,,,,
0.287878788,,,,
,,,,
0.287878788,,,,
,,,,
0.257575758,,,,
,,,,
1,,,,
,,,,
0.590909091,,,,
,,,,
0.261538462,,,,
,,,,
0.261538462,,,,
,,,,
0.261538462,,,,
,,,,
0.353846154,,,,
,,,,
0.246153846,,,,
,,,,
0.553846154,,,,
,,,,
0.25,,,,
,,,,
0.390625,,,,
,,,,
0.734375,,,,
,,,,
0.25,,,,
,,,,
0.390625,,,,
,,,,
0.625,,,,
,,,,
0.8125,,,,
,,,,
0.25,,,,
,,,,
0.5,,,,
,,,,
0.5,,,,
,,,,
0.25,,,,
,,,,
0.5,,,,
,,,,
0.84375,,,,
,,,,
0.25,,,,
,,,,
0.3125,,,,
,,,,
0.234375,,,,
,,,,
0.234375,,,,
,,,,
0.25,,,,
,,,,
0.25,,,,
,,,,
0.75,,,,
,,,,
0.5,,,,
,,,,
0.25,,,,
,,,,
0.25,,,,
,,,,
0.25,,,,
,,,,
0.75,,,,
,,,,
0.546875,,,,
,,,,
1,,,,
,,,,
0.25,,,,
,,,,
0.317460317,,,,
,,,,
1,,,,
,,,,
0.349206349,,,,
,,,,
0.904761905,,,,
,,,,
0.317460317,,,,
,,,,
0.301587302,,,,
,,,,
0.253968254,,,,
,,,,
0.338709677,,,,
,,,,
0.241935484,,,,
,,,,
0.451612903,,,,
,,,,
0.338709677,,,,
,,,,
0.209677419,,,,
,,,,
0.5,,,,
,,,,
0.290322581,,,,
,,,,
1,,,,
,,,,
0.245901639,,,,
,,,,
0.266666667,,,,
,,,,
0.183333333,,,,
,,,,
0.166666667,,,,
,,,,
0.216666667,,,,
,,,,
0.433333333,,,,
,,,,
0.283333333,,,,
,,,,
0.7,,,,
,,,,
1,,,,
,,,,
0.283333333,,,,
,,,,
0.266666667,,,,
,,,,
0.169491525,,,,
,,,,
0.271186441,,,,
,,,,
1,,,,
,,,,
0.203389831,,,,
,,,,
0.610169492,,,,
,,,,
0.440677966,,,,
,,,,
0.568965517,,,,
,,,,
1,,,,
,,,,
0.206896552,,,,
,,,,
0.379310345,,,,
,,,,
0.482758621,,,,
,,,,
0.327586207,,,,
,,,,
0.293103448,,,,
,,,,
0.310344828,,,,
,,,,
0.293103448,,,,
,,,,
0.724137931,,,,
,,,,
0.275862069,,,,
,,,,
0.298245614,,,,
,,,,
0.280701754,,,,
,,,,
0.315789474,,,,
,,,,
0.561403509,,,,
,,,,
0.438596491,,,,
,,,,
0.285714286,,,,
,,,,
1,,,,
,,,,
0.410714286,,,,
,,,,
0.535714286,,,,
,,,,
0.290909091,,,,
,,,,
0.290909091,,,,
,,,,
0.309090909,,,,
,,,,
0.890909091,,,,
,,,,
0.418181818,,,,
,,,,
0.145454545,,,,
,,,,
0.290909091,,,,
,,,,
0.545454545,,,,
,,,,
0.345454545,,,,
,,,,
0.4,,,,
,,,,
0.527272727,,,,
,,,,
0.181818182,,,,
,,,,
1,,,,
,,,,
0.690909091,,,,
,,,,
0.888888889,,,,
,,,,
0.759259259,,,,
,,,,
0.240740741,,,,
,,,,
0.333333333,,,,
,,,,
0.203703704,,,,
,,,,
0.240740741,,,,
,,,,
0.296296296,,,,
,,,,
0.240740741,,,,
,,,,
0.685185185,,,,
,,,,
1,,,,
,,,,
0.603773585,,,,
,,,,
0.283018868,,,,
,,,,
1,,,,
,,,,
0.660377358,,,,
,,,,
0.320754717,,,,
,,,,
0.301886792,,,,
,,,,
0.773584906,,,,
,,,,
0.301886792,,,,
,,,,
0.320754717,,,,
,,,,
0.307692308,,,,
,,,,
1,,,,
,,,,
0.326923077,,,,
,,,,
0.211538462,,,,
,,,,
1,,,,
,,,,
0.192307692,,,,
,,,,
0.211538462,,,,
,,,,
0.196078431,,,,
,,,,
0.862745098,,,,
,,,,
0.274509804,,,,
,,,,
1,,,,
,,,,
0.333333333,,,,
,,,,
0.31372549,,,,
,,,,
0.450980392,,,,
,,,,
0.34,,,,
,,,,
0.66,,,,
,,,,
0.3,,,,
,,,,
1,,,,
,,,,
0.66,,,,
,,,,
0.94,,,,
,,,,
1,,,,
,,,,
0.5,,,,
,,,,
0.74,,,,
,,,,
0.34,,,,
,,,,
0.34,,,,
,,,,
0.34,,,,
,,,,
0.18,,,,
,,,,
0.2,,,,
,,,,
0.5,,,,
,,,,
1,,,,
,,,,
0.489795918,,,,
,,,,
0.653061224,,,,
,,,,
0.326530612,,,,
,,,,
0.224489796,,,,
,,,,
0.346938776,,,,
,,,,
0.346938776,,,,
,,,,
0.591836735,,,,
,,,,
0.673469388,,,,
,,,,
0.673469388,,,,
,,,,
0.510204082,,,,
,,,,
0.979591837,,,,
,,,,
0.326530612,,,,
,,,,
0.306122449,,,,
,,,,
0.673469388,,,,
,,,,
0.673469388,,,,
,,,,
0.346938776,,,,
,,,,
0.354166667,,,,
,,,,
0.333333333,,,,
,,,,
0.333333333,,,,
,,,,
0.666666667,,,,
,,,,
0.666666667,,,,
,,,,
0.666666667,,,,
,,,,
0.666666667,,,,
,,,,
1,,,,
,,,,
0.666666667,,,,
,,,,
1,,,,
,,,,
0.229166667,,,,
,,,,
0.333333333,,,,
,,,,
0.666666667,,,,
,,,,
0.333333333,,,,
,,,,
0.333333333,,,,
,,,,
0.333333333,,,,
,,,,
1,,,,
,,,,
0.666666667,,,,
,,,,
0.666666667,,,,
,,,,
1,,,,
,,,,
0.229166667,,,,
,,,,
0.333333333,,,,
,,,,
0.333333333,,,,
,,,,
1,,,,
,,,,
0.333333333,,,,
,,,,
1,,,,
,,,,
0.333333333,,,,
,,,,
0.333333333,,,,
,,,,
0.479166667,,,,
,,,,
0.666666667,,,,
,,,,
0.333333333,,,,
,,,,
0.666666667,,,,
,,,,
0.333333333,,,,
,,,,
0.354166667,,,,
,,,,
0.333333333,,,,
,,,,
0.333333333,,,,
,,,,
1,,,,
,,,,
0.666666667,,,,
,,,,
0.666666667,,,,
,,,,
0.340425532,,,,
,,,,
0.85106383,,,,
,,,,
0.170212766,,,,
,,,,
0.574468085,,,,
,,,,
0.957446809,,,,
,,,,
0.255319149,,,,
,,,,
0.70212766,,,,
,,,,
0.276595745,,,,
,,,,
0.29787234,,,,
,,,,
0.319148936,,,,
,,,,
0.659574468,,,,
,,,,
0.347826087,,,,
,,,,
1,,,,
,,,,
0.630434783,,,,
,,,,
0.586956522,,,,
,,,,
0.652173913,,,,
,,,,
0.369565217,,,,
,,,,
0.434782609,,,,
,,,,
0.152173913,,,,
,,,,
1,,,,
,,,,
0.347826087,,,,
,,,,
0.586956522,,,,
,,,,
0.326086957,,,,
,,,,
0.260869565,,,,
,,,,
0.52173913,,,,
,,,,
0.444444444,,,,
,,,,
0.355555556,,,,
,,,,
0.577777778,,,,
,,,,
0.333333333,,,,
,,,,
0.377777778,,,,
,,,,
0.311111111,,,,
,,,,
0.711111111,,,,
,,,,
0.333333333,,,,
,,,,
0.222222222,,,,
,,,,
0.363636364,,,,
,,,,
1,,,,
,,,,
0.545454545,,,,
,,,,
0.363636364,,,,
,,,,
0.25,,,,
,,,,
0.386363636,,,,
,,,,
0.386363636,,,,
,,,,
0.727272727,,,,
,,,,
0.386363636,,,,
,,,,
0.318181818,,,,
,,,,
0.75,,,,
,,,,
0.772727273,,,,
,,,,
0.363636364,,,,
,,,,
0.279069767,,,,
,,,,
0.325581395,,,,
,,,,
0.372093023,,,,
,,,,
0.790697674,,,,
,,,,
0.23255814,,,,
,,,,
0.581395349,,,,
,,,,
0.395348837,,,,
,,,,
0.930232558,,,,
,,,,
0.333333333,,,,
,,,,
1,,,,
,,,,
1,,,,
,,,,
0.476190476,,,,
,,,,
0.571428571,,,,
,,,,
0.357142857,,,,
,,,,
1,,,,
,,,,
0.380952381,,,,
,,,,
0.214285714,,,,
,,,,
0.285714286,,,,
,,,,
0.404761905,,,,
,,,,
0.380952381,,,,
,,,,
0.463414634,,,,
,,,,
0.292682927,,,,
,,,,
0.512195122,,,,
,,,,
0.853658537,,,,
,,,,
0.414634146,,,,
,,,,
0.487804878,,,,
,,,,
0.463414634,,,,
,,,,
0.317073171,,,,
,,,,
0.146341463,,,,
,,,,
0.414634146,,,,
,,,,
0.317073171,,,,
,,,,
0.325,,,,
,,,,
0.4,,,,
,,,,
0.85,,,,
,,,,
0.325,,,,
,,,,
0.25,,,,
,,,,
0.25,,,,
,,,,
0.25,,,,
,,,,
0.25,,,,
,,,,
0.15,,,,
,,,,
0.5,,,,
,,,,
0.275,,,,
,,,,
0.3,,,,
,,,,
0.358974359,,,,
,,,,
0.692307692,,,,
,,,,
0.512820513,,,,
,,,,
0.41025641,,,,
,,,,
0.615384615,,,,
,,,,
0.307692308,,,,
,,,,
0.41025641,,,,
,,,,
0.974358974,,,,
,,,,
1,,,,
,,,,
0.342105263,,,,
,,,,
0.263157895,,,,
,,,,
0.421052632,,,,
,,,,
0.421052632,,,,
,,,,
0.421052632,,,,
,,,,
0.447368421,,,,
,,,,
0.421052632,,,,
,,,,
0.605263158,,,,
,,,,
0.421052632,,,,
,,,,
0.578947368,,,,
,,,,
0.473684211,,,,
,,,,
0.236842105,,,,
,,,,
0.789473684,,,,
,,,,
0.342105263,,,,
,,,,
0.368421053,,,,
,,,,
0.657894737,,,,
,,,,
1,,,,
,,,,
0.540540541,,,,
,,,,
0.432432432,,,,
,,,,
0.837837838,,,,
,,,,
0.27027027,,,,
,,,,
0.702702703,,,,
,,,,
0.432432432,,,,
,,,,
0.432432432,,,,
,,,,
0.189189189,,,,
,,,,
0.351351351,,,,
,,,,
0.594594595,,,,
,,,,
0.72972973,,,,
,,,,
0.378378378,,,,
,,,,
0.243243243,,,,
,,,,
0.378378378,,,,
,,,,
0.216216216,,,,
,,,,
0.405405405,,,,
,,,,
0.432432432,,,,
,,,,
0.324324324,,,,
,,,,
1,,,,
,,,,
0.416666667,,,,
,,,,
0.222222222,,,,
,,,,
0.555555556,,,,
,,,,
0.333333333,,,,
,,,,
0.722222222,,,,
,,,,
0.444444444,,,,
,,,,
0.861111111,,,,
,,,,
0.388888889,,,,
,,,,
0.222222222,,,,
,,,,
0.888888889,,,,
,,,,
0.771428571,,,,
,,,,
0.2,,,,
,,,,
0.571428571,,,,
,,,,
0.457142857,,,,
,,,,
1,,,,
,,,,
0.571428571,,,,
,,,,
0.470588235,,,,
,,,,
0.323529412,,,,
,,,,
0.5,,,,
,,,,
1,,,,
,,,,
0.323529412,,,,
,,,,
0.470588235,,,,
,,,,
0.382352941,,,,
,,,,
0.470588235,,,,
,,,,
0.235294118,,,,
,,,,
0.5,,,,
,,,,
0.5,,,,
,,,,
1,,,,
,,,,
0.323529412,,,,
,,,,
0.294117647,,,,
,,,,
0.470588235,,,,
,,,,
0.5,,,,
,,,,
0.764705882,,,,
,,,,
0.515151515,,,,
,,,,
1,,,,
,,,,
0.515151515,,,,
,,,,
0.515151515,,,,
,,,,
0.515151515,,,,
,,,,
1,,,,
,,,,
0.484848485,,,,
,,,,
0.515151515,,,,
,,,,
0.515151515,,,,
,,,,
1,,,,
,,,,
0.484848485,,,,
,,,,
0.515151515,,,,
,,,,
0.242424242,,,,
,,,,
0.515151515,,,,
,,,,
0.484848485,,,,
,,,,
0.515151515,,,,
,,,,
0.848484848,,,,
,,,,
0.515151515,,,,
,,,,
0.515151515,,,,
,,,,
0.181818182,,,,
,,,,
0.515151515,,,,
,,,,
0.515151515,,,,
,,,,
0.272727273,,,,
,,,,
0.484848485,,,,
,,,,
0.515151515,,,,
,,,,
1,,,,
,,,,
0.515151515,,,,
,,,,
0.515151515,,,,
,,,,
0.484848485,,,,
,,,,
0.272727273,,,,
,,,,
0.515151515,,,,
,,,,
0.515151515,,,,
,,,,
0.454545455,,,,
,,,,
0.393939394,,,,
,,,,
0.515151515,,,,
,,,,
0.515151515,,,,
,,,,
1,,,,
,,,,
0.484848485,,,,
,,,,
0.515151515,,,,
,,,,
0.515151515,,,,
,,,,
0.727272727,,,,
,,,,
0.515151515,,,,
,,,,
0.636363636,,,,
,,,,
1,,,,
,,,,
0.5,,,,
,,,,
0.5,,,,
,,,,
0.5,,,,
,,,,
0.5,,,,
,,,,
0.5,,,,
,,,,
0.5,,,,
,,,,
1,,,,
,,,,
0.5,,,,
,,,,
0.5,,,,
,,,,
0.5,,,,
,,,,
0.5,,,,
,,,,
0.5,,,,
,,,,
0.5,,,,
,,,,
1,,,,
,,,,
1,,,,
,,,,
0.5,,,,
,,,,
0.5,,,,
,,,,
0.5,,,,
,,,,
0.5,,,,
,,,,
0.5,,,,
,,,,
0.5,,,,
,,,,
0.5,,,,
,,,,
0.5,,,,
,,,,
0.34375,,,,
,,,,
0.5,,,,
,,,,
1,,,,
,,,,
0.5,,,,
,,,,
0.5,,,,
,,,,
0.5,,,,
,,,,
0.5,,,,
,,,,
0.5,,,,
,,,,
1,,,,
,,,,
0.5,,,,
,,,,
0.5,,,,
,,,,
0.5,,,,
,,,,
0.5,,,,
,,,,
1,,,,
,,,,
0.5,,,,
,,,,
0.5,,,,
,,,,
0.8125,,,,
,,,,
0.5,,,,
,,,,
0.5,,,,
,,,,
0.5,,,,
,,,,
1,,,,
,,,,
0.5,,,,
,,,,
0.5,,,,
,,,,
0.5,,,,
,,,,
1,,,,
,,,,
0.5,,,,
,,,,
1,,,,
,,,,
0.5,,,,
,,,,
0.5,,,,
,,,,
0.5,,,,
,,,,
0.5,,,,
,,,,
0.5,,,,
,,,,
0.5,,,,
,,,,
0.5,,,,
,,,,
0.5,,,,
,,,,
0.4375,,,,
,,,,
0.5,,,,
,,,,
0.5,,,,
,,,,
0.5,,,,
,,,,
0.5,,,,
,,,,
0.34375,,,,
,,,,
0.5,,,,
,,,,
0.5,,,,
,,,,
0.5,,,,
,,,,
0.5,,,,
,,,,
0.5,,,,
,,,,
0.5,,,,
,,,,
1,,,,
,,,,
0.5,,,,
,,,,
0.5,,,,
,,,,
0.5,,,,
,,,,
0.5,,,,
,,,,
0.5,,,,
,,,,
0.5,,,,
,,,,
0.5,,,,
,,,,
0.5,,,,
,,,,
1,,,,
,,,,
1,,,,
,,,,
0.5,,,,
,,,,
0.5,,,,
,,,,
0.5,,,,
,,,,
0.5,,,,
,,,,
0.5,,,,
,,,,
1,,,,
,,,,
1,,,,
,,,,
0.5,,,,
,,,,
0.5,,,,
,,,,
0.5,,,,
,,,,
0.5,,,,
,,,,
0.5,,,,
,,,,
0.5,,,,
,,,,
0.5,,,,
,,,,
0.5,,,,
,,,,
0.5,,,,
,,,,
0.5,,,,
,,,,
0.875,,,,
,,,,
0.46875,,,,
,,,,
0.3125,,,,
,,,,
1,,,,
,,,,
0.28125,,,,
,,,,
1,,,,
,,,,
1,,,,
,,,,
1,,,,
,,,,
0.84375,,,,
,,,,
0.5,,,,
,,,,
0.548387097,,,,
,,,,
0.387096774,,,,
,,,,
0.322580645,,,,
,,,,
0.387096774,,,,
,,,,
0.35483871,,,,
,,,,
0.419354839,,,,
,,,,
0.548387097,,,,
,,,,
0.709677419,,,,
,,,,
0.806451613,,,,
,,,,
0.806451613,,,,
,,,,
0.516129032,,,,
,,,,
0.322580645,,,,
,,,,
0.548387097,,,,
,,,,
0.290322581,,,,
,,,,
0.322580645,,,,
,,,,
0.419354839,,,,
,,,,
0.838709677,,,,
,,,,
0.566666667,,,,
,,,,
0.866666667,,,,
,,,,
0.533333333,,,,
,,,,
1,,,,
,,,,
0.633333333,,,,
,,,,
1,,,,
,,,,
0.666666667,,,,
,,,,
0.4,,,,
,,,,
0.5,,,,
,,,,
0.533333333,,,,
,,,,
1,,,,
,,,,
0.3,,,,
,,,,
0.533333333,,,,
,,,,
0.586206897,,,,
,,,,
0.379310345,,,,
,,,,
0.931034483,,,,
,,,,
1,,,,
,,,,
0.551724138,,,,
,,,,
0.75862069,,,,
,,,,
1,,,,
,,,,
0.551724138,,,,
,,,,
0.551724138,,,,
,,,,
0.379310345,,,,
,,,,
0.310344828,,,,
,,,,
0.551724138,,,,
,,,,
0.586206897,,,,
,,,,
0.310344828,,,,
,,,,
0.448275862,,,,
,,,,
0.931034483,,,,
,,,,
0.392857143,,,,
,,,,
0.928571429,,,,
,,,,
1,,,,
,,,,
1,,,,
,,,,
0.464285714,,,,
,,,,
0.5,,,,
,,,,
0.25,,,,
,,,,
0.142857143,,,,
,,,,
0.428571429,,,,
,,,,
0.5,,,,
,,,,
0.321428571,,,,
,,,,
0.821428571,,,,
,,,,
0.357142857,,,,
,,,,
0.785714286,,,,
,,,,
1,,,,
,,,,
0.571428571,,,,
,,,,
1,,,,
,,,,
1,,,,
,,,,
0.464285714,,,,
,,,,
0.357142857,,,,
,,,,
0.857142857,,,,
,,,,
0.714285714,,,,
,,,,
0.392857143,,,,
,,,,
0.571428571,,,,
,,,,
0.571428571,,,,
,,,,
0.5,,,,
,,,,
0.571428571,,,,
,,,,
1,,,,
,,,,
0.678571429,,,,
,,,,
0.571428571,,,,
,,,,
0.678571429,,,,
,,,,
0.571428571,,,,
,,,,
0.481481481,,,,
,,,,
0.592592593,,,,
,,,,
0.62962963,,,,
,,,,
0.481481481,,,,
,,,,
0.592592593,,,,
,,,,
1,,,,
,,,,
0.296296296,,,,
,,,,
0.333333333,,,,
,,,,
0.851851852,,,,
,,,,
0.407407407,,,,
,,,,
1,,,,
,,,,
0.37037037,,,,
,,,,
1,,,,
,,,,
0.481481481,,,,
,,,,
0.62962963,,,,
,,,,
0.481481481,,,,
,,,,
0.518518519,,,,
,,,,
0.592592593,,,,
,,,,
1,,,,
,,,,
0.703703704,,,,
,,,,
0.592592593,,,,
,,,,
0.185185185,,,,
,,,,
0.333333333,,,,
,,,,
0.259259259,,,,
,,,,
0.592592593,,,,
,,,,
0.592592593,,,,
,,,,
0.407407407,,,,
,,,,
0.37037037,,,,
,,,,
0.481481481,,,,
,,,,
0.592592593,,,,
,,,,
0.666666667,,,,
,,,,
1,,,,
,,,,
1,,,,
,,,,
0.230769231,,,,
,,,,
0.5,,,,
,,,,
0.461538462,,,,
,,,,
0.653846154,,,,
,,,,
1,,,,
,,,,
1,,,,
,,,,
0.769230769,,,,
,,,,
1,,,,
,,,,
0.615384615,,,,
,,,,
0.615384615,,,,
,,,,
0.346153846,,,,
,,,,
0.615384615,,,,
,,,,
0.423076923,,,,
,,,,
0.346153846,,,,
,,,,
0.615384615,,,,
,,,,
0.230769231,,,,
,,,,
0.538461538,,,,
,,,,
0.807692308,,,,
,,,,
0.576923077,,,,
,,,,
1,,,,
,,,,
0.615384615,,,,
,,,,
1,,,,
,,,,
0.615384615,,,,
,,,,
0.615384615,,,,
,,,,
0.615384615,,,,
,,,,
0.615384615,,,,
,,,,
0.52,,,,
,,,,
0.36,,,,
,,,,
0.52,,,,
,,,,
0.64,,,,
,,,,
0.24,,,,
,,,,
0.76,,,,
,,,,
0.68,,,,
,,,,
0.44,,,,
,,,,
0.24,,,,
,,,,
0.52,,,,
,,,,
0.72,,,,
,,,,
1,,,,
,,,,
0.36,,,,
,,,,
0.68,,,,
,,,,
0.32,,,,
,,,,
0.64,,,,
,,,,
0.4,,,,
,,,,
0.6,,,,
,,,,
0.36,,,,
,,,,
0.68,,,,
,,,,
0.8,,,,
,,,,
0.56,,,,
,,,,
0.48,,,,
,,,,
0.52,,,,
,,,,
0.48,,,,
,,,,
0.458333333,,,,
,,,,
0.333333333,,,,
,,,,
0.416666667,,,,
,,,,
0.666666667,,,,
,,,,
1,,,,
,,,,
0.333333333,,,,
,,,,
0.708333333,,,,
,,,,
0.375,,,,
,,,,
0.583333333,,,,
,,,,
1,,,,
,,,,
0.833333333,,,,
,,,,
0.5,,,,
,,,,
0.708333333,,,,
,,,,
0.333333333,,,,
,,,,
0.375,,,,
,,,,
0.541666667,,,,
,,,,
0.458333333,,,,
,,,,
0.291666667,,,,
,,,,
0.458333333,,,,
,,,,
0.916666667,,,,
,,,,
1,,,,
,,,,
0.625,,,,
,,,,
0.5,,,,
,,,,
1,,,,
,,,,
0.666666667,,,,
,,,,
0.5,,,,
,,,,
0.739130435,,,,
,,,,
1,,,,
,,,,
0.260869565,,,,
,,,,
0.391304348,,,,
,,,,
0.739130435,,,,
,,,,
0.434782609,,,,
,,,,
1,,,,
,,,,
0.391304348,,,,
,,,,
0.826086957,,,,
,,,,
0.391304348,,,,
,,,,
0.695652174,,,,
,,,,
0.52173913,,,,
,,,,
0.347826087,,,,
,,,,
0.695652174,,,,
,,,,
1,,,,
,,,,
0.739130435,,,,
,,,,
0.739130435,,,,
,,,,
0.434782609,,,,
,,,,
0.695652174,,,,
,,,,
0.47826087,,,,
,,,,
0.304347826,,,,
,,,,
0.47826087,,,,
,,,,
0.52173913,,,,
,,,,
0.434782609,,,,
,,,,
0.695652174,,,,
,,,,
0.47826087,,,,
,,,,
0.52173913,,,,
,,,,
0.739130435,,,,
,,,,
0.913043478,,,,
,,,,
0.434782609,,,,
,,,,
0.347826087,,,,
,,,,
0.52173913,,,,
,,,,
0.409090909,,,,
,,,,
0.727272727,,,,
,,,,
0.454545455,,,,
,,,,
1,,,,
,,,,
0.818181818,,,,
,,,,
0.318181818,,,,
,,,,
0.727272727,,,,
,,,,
0.5,,,,
,,,,
0.772727273,,,,
,,,,
0.727272727,,,,
,,,,
0.727272727,,,,
,,,,
0.363636364,,,,
,,,,
0.772727273,,,,
,,,,
0.545454545,,,,
,,,,
0.727272727,,,,
,,,,
1,,,,
,,,,
0.545454545,,,,
,,,,
0.363636364,,,,
,,,,
0.727272727,,,,
,,,,
1,,,,
,,,,
0.545454545,,,,
,,,,
0.545454545,,,,
,,,,
0.181818182,,,,
,,,,
0.545454545,,,,
,,,,
0.636363636,,,,
,,,,
1,,,,
,,,,
1,,,,
,,,,
0.590909091,,,,
,,,,
0.727272727,,,,
,,,,
0.772727273,,,,
,,,,
0.363636364,,,,
,,,,
1,,,,
,,,,
0.590909091,,,,
,,,,
0.590909091,,,,
,,,,
1,,,,
,,,,
0.545454545,,,,
,,,,
0.636363636,,,,
,,,,
0.636363636,,,,
,,,,
0.227272727,,,,
,,,,
1,,,,
,,,,
0.409090909,,,,
,,,,
0.761904762,,,,
,,,,
0.666666667,,,,
,,,,
0.476190476,,,,
,,,,
0.333333333,,,,
,,,,
0.285714286,,,,
,,,,
0.619047619,,,,
,,,,
0.761904762,,,,
,,,,
0.285714286,,,,
,,,,
1,,,,
,,,,
0.761904762,,,,
,,,,
0.761904762,,,,
,,,,
0.19047619,,,,
,,,,
0.476190476,,,,
,,,,
0.952380952,,,,
,,,,
0.523809524,,,,
,,,,
0.761904762,,,,
,,,,
0.523809524,,,,
,,,,
0.619047619,,,,
,,,,
0.476190476,,,,
,,,,
0.476190476,,,,
,,,,
0.523809524,,,,
,,,,
0.476190476,,,,
,,,,
0.904761905,,,,
,,,,
0.714285714,,,,
,,,,
1,,,,
,,,,
0.666666667,,,,
,,,,
0.80952381,,,,
,,,,
0.666666667,,,,
,,,,
0.571428571,,,,
,,,,
0.761904762,,,,
,,,,
0.523809524,,,,
,,,,
0.333333333,,,,
,,,,
0.761904762,,,,
,,,,
0.761904762,,,,
,,,,
0.761904762,,,,
,,,,
1,,,,
,,,,
1,,,,
,,,,
0.857142857,,,,
,,,,
1,,,,
,,,,
0.619047619,,,,
,,,,
0.619047619,,,,
,,,,
0.523809524,,,,
,,,,
1,,,,
,,,,
0.8,,,,
,,,,
0.8,,,,
,,,,
0.5,,,,
,,,,
0.5,,,,
,,,,
0.65,,,,
,,,,
0.85,,,,
,,,,
1,,,,
,,,,
0.5,,,,
,,,,
0.45,,,,
,,,,
0.5,,,,
,,,,
0.5,,,,
,,,,
0.55,,,,
,,,,
0.55,,,,
,,,,
0.85,,,,
,,,,
0.8,,,,
,,,,
0.65,,,,
,,,,
0.6,,,,
,,,,
0.55,,,,
,,,,
0.8,,,,
,,,,
0.4,,,,
,,,,
0.65,,,,
,,,,
0.55,,,,
,,,,
0.8,,,,
,,,,
1,,,,
,,,,
0.9,,,,
,,,,
1,,,,
,,,,
0.75,,,,
,,,,
0.8,,,,
,,,,
1,,,,
,,,,
0.55,,,,
,,,,
0.8,,,,
,,,,
0.35,,,,
,,,,
0.8,,,,
,,,,
0.8,,,,
,,,,
0.35,,,,
,,,,
0.6,,,,
,,,,
0.5,,,,
,,,,
0.789473684,,,,
,,,,
1,,,,
,,,,
1,,,,
,,,,
0.210526316,,,,
,,,,
0.421052632,,,,
,,,,
0.842105263,,,,
,,,,
0.473684211,,,,
,,,,
1,,,,
,,,,
0.263157895,,,,
,,,,
0.368421053,,,,
,,,,
1,,,,
,,,,
0.789473684,,,,
,,,,
0.526315789,,,,
,,,,
1,,,,
,,,,
0.526315789,,,,
,,,,
0.842105263,,,,
,,,,
0.578947368,,,,
,,,,
0.526315789,,,,
,,,,
0.263157895,,,,
,,,,
1,,,,
,,,,
1,,,,
,,,,
0.894736842,,,,
,,,,
0.736842105,,,,
,,,,
0.631578947,,,,
,,,,
1,,,,
,,,,
0.736842105,,,,
,,,,
0.631578947,,,,
,,,,
0.842105263,,,,
,,,,
0.526315789,,,,
,,,,
0.894736842,,,,
,,,,
0.368421053,,,,
,,,,
0.578947368,,,,
,,,,
0.263157895,,,,
,,,,
1,,,,
,,,,
0.473684211,,,,
,,,,
0.473684211,,,,
,,,,
0.315789474,,,,
,,,,
1,,,,
,,,,
0.722222222,,,,
,,,,
1,,,,
,,,,
0.5,,,,
,,,,
0.944444444,,,,
,,,,
0.888888889,,,,
,,,,
0.5,,,,
,,,,
1,,,,
,,,,
1,,,,
,,,,
0.611111111,,,,
,,,,
0.888888889,,,,
,,,,
1,,,,
,,,,
0.888888889,,,,
,,,,
0.888888889,,,,
,,,,
0.888888889,,,,
,,,,
0.555555556,,,,
,,,,
0.666666667,,,,
,,,,
0.333333333,,,,
,,,,
0.444444444,,,,
,,,,
0.388888889,,,,
,,,,
0.888888889,,,,
,,,,
0.888888889,,,,
,,,,
0.888888889,,,,
,,,,
0.444444444,,,,
,,,,
0.277777778,,,,
,,,,
0.888888889,,,,
,,,,
0.5,,,,
,,,,
0.888888889,,,,
,,,,
0.833333333,,,,
,,,,
0.611111111,,,,
,,,,
0.777777778,,,,
,,,,
1,,,,
,,,,
0.888888889,,,,
,,,,
0.777777778,,,,
,,,,
0.722222222,,,,
,,,,
0.888888889,,,,
,,,,
0.444444444,,,,
,,,,
0.555555556,,,,
,,,,
0.555555556,,,,
,,,,
1,,,,
,,,,
0.888888889,,,,
,,,,
0.777777778,,,,
,,,,
0.5,,,,
,,,,
0.611111111,,,,
,,,,
0.222222222,,,,
,,,,
1,,,,
,,,,
0.555555556,,,,
,,,,
0.666666667,,,,
,,,,
0.5,,,,
,,,,
0.777777778,,,,
,,,,
0.5,,,,
,,,,
0.5,,,,
,,,,
0.352941176,,,,
,,,,
1,,,,
,,,,
0.352941176,,,,
,,,,
1,,,,
,,,,
0.529411765,,,,
,,,,
0.647058824,,,,
,,,,
0.705882353,,,,
,,,,
1,,,,
,,,,
1,,,,
,,,,
0.588235294,,,,
,,,,
1,,,,
,,,,
0.647058824,,,,
,,,,
0.764705882,,,,
,,,,
0.352941176,,,,
,,,,
0.705882353,,,,
,,,,
0.882352941,,,,
,,,,
0.764705882,,,,
,,,,
0.764705882,,,,
,,,,
0.411764706,,,,
,,,,
0.588235294,,,,
,,,,
1,,,,
,,,,
1,,,,
,,,,
0.588235294,,,,
,,,,
1,,,,
,,,,
0.352941176,,,,
,,,,
0.411764706,,,,
,,,,
0.529411765,,,,
,,,,
0.647058824,,,,
,,,,
0.529411765,,,,
,,,,
0.647058824,,,,
,,,,
0.705882353,,,,
,,,,
0.352941176,,,,
,,,,
0.470588235,,,,
,,,,
0.647058824,,,,
,,,,
0.941176471,,,,
,,,,
0.352941176,,,,
,,,,
1,,,,
,,,,
1,,,,
,,,,
1,,,,
,,,,
1,,,,
,,,,
1,,,,
,,,,
1,,,,
,,,,
1,,,,
,,,,
1,,,,
,,,,
1,,,,
,,,,
1,,,,
,,,,
1,,,,
,,,,
1,,,,
,,,,
1,,,,
,,,,
1,,,,
,,,,
1,,,,
,,,,
1,,,,
,,,,
1,,,,
,,,,
1,,,,
,,,,
1,,,,
,,,,
1,,,,
,,,,
1,,,,
,,,,
1,,,,
,,,,
1,,,,
,,,,
1,,,,
,,,,
1,,,,
,,,,
1,,,,
,,,,
1,,,,
,,,,
1,,,,
,,,,
1,,,,
,,,,
1,,,,
,,,,
1,,,,
,,,,
1,,,,
,,,,
1,,,,
,,,,
1,,,,
,,,,
1,,,,
,,,,
1,,,,
,,,,
1,,,,
,,,,
1,,,,
,,,,
1,,,,
,,,,
1,,,,
,,,,
1,,,,
,,,,
0.529411765,,,,
,,,,
1,,,,
,,,,
1,,,,
,,,,
1,,,,
,,,,
1,,,,
,,,,
1,,,,
,,,,
1,,,,
,,,,
1,,,,
,,,,
1,,,,
,,,,
1,,,,
,,,,
1,,,,
,,,,
1,,,,
,,,,
1,,,,
,,,,
1,,,,
,,,,
1,,,,
,,,,
1,,,,
,,,,
1,,,,
,,,,
1,,,,
,,,,
0.352941176,,,,
,,,,
1,,,,
,,,,
1,,,,
,,,,
1,,,,
,,,,
1,,,,
,,,,
1,,,,
,,,,
1,,,,
,,,,
1,,,,
,,,,
1,,,,
,,,,
1,,,,
,,,,
1,,,,
,,,,
1,,,,
,,,,
1,,,,
,,,,
1,,,,
,,,,
1,,,,
,,,,
1,,,,
,,,,
1,,,,
,,,,
1,,,,
,,,,
1,,,,
,,,,
1,,,,
,,,,
1,,,,
,,,,
1,,,,
,,,,
1,,,,
,,,,
1,,,,
,,,,
1,,,,
,,,,
1,,,,
,,,,
1,,,,
,,,,
1,,,,
,,,,
1,,,,
,,,,
1,,,,
,,,,
1,,,,
,,,,
1,,,,
,,,,
1,,,,
,,,,
1,,,,
,,,,
1,,,,
,,,,
1,,,,
,,,,
1,,,,
,,,,
1,,,,
,,,,
1,,,,
,,,,
1,,,,
,,,,
1,,,,
,,,,
1,,,,
,,,,
1,,,,
,,,,
1,,,,
,,,,
1,,,,
,,,,
1,,,,
,,,,
1,,,,
,,,,
1,,,,
,,,,
1,,,,
,,,,
1,,,,
,,,,
1,,,,
,,,,
1,,,,
,,,,
1,,,,
,,,,
1,,,,
,,,,
1,,,,
,,,,
1,,,,
,,,,
1,,,,
,,,,
1,,,,
,,,,
1,,,,
,,,,
1,,,,
,,,,
1,,,,
,,,,
1,,,,
,,,,
1,,,,
,,,,
1,,,,
,,,,
1,,,,
,,,,
1,,,,
,,,,
1,,,,
,,,,
1,,,,
,,,,
1,,,,
,,,,
1,,,,
,,,,
1,,,,
,,,,
1,,,,
,,,,
1,,,,
,,,,
1,,,,
,,,,
1,,,,
,,,,
1,,,,
,,,,
1,,,,
,,,,
1,,,,
,,,,
1,,,,
,,,,
0.941176471,,,,
,,,,
0.764705882,,,,
,,,,
0.411764706,,,,
,,,,
1,,,,
,,,,
0.529411765,,,,
,,,,
0.588235294,,,,
,,,,
0.941176471,,,,
,,,,
0.882352941,,,,
,,,,
0.529411765,,,,
,,,,
1,,,,
,,,,
1,,,,
,,,,
1,,,,
,,,,
1,,,,
,,,,
1,,,,
,,,,
1,,,,
,,,,
1,,,,
,,,,
1,,,,
,,,,
1,,,,
